Time,V1,V2,V3,V4,V5,V6,V7,V8,V9,V10,V11,V12,V13,V14,V15,V16,V17,V18,V19,V20,V21,V22,V23,V24,V25,V26,V27,V28,Amount,Class
41751.0,-2.28205495966797,-1.74911712571452,2.84785072883527,-3.01979320387118,-1.23207951354539,0.0064273631860229,0.296223857305653,-0.341641977887594,3.51869423919537,-2.0390220039165,0.629848494776516,1.39480440450576,-1.07064701629403,-1.60208945483423,-1.94943935104455,-0.8462565431245,-0.374219488483753,0.573640201026455,0.347601481445949,-0.98192882337761,-0.143498247335962,1.08193402602882,-1.1001625862746,0.691522915691415,0.673330937270197,-0.827949152616204,-0.0783106584519801,-0.54211282892647,292.01,0
41505.0,-16.5265065691231,8.58497179585822,-18.6498531851945,9.50559351508723,-13.7938185270957,-2.83240429939747,-16.701694296045,7.51734390370987,-8.50705863675898,-14.1101844415457,5.29923634963938,-10.8340064814734,1.67112025332681,-9.37385858364976,0.360805641631617,-9.89924654080666,-19.2362923697613,-8.39855199494575,3.10173536885404,-1.51492343527852,1.19073869481428,-1.12767000902061,-2.3585787697881,0.673461328987237,-1.4136996745882,-0.46276236139933,-2.01857524875161,-1.04280416970881,364.19,1
143354.0,1.11833065981936,2.07443887131076,-3.83751827706316,5.44805969239449,0.0718159680535395,-1.02050922759556,-1.8085744418815,0.521743506077524,-2.03263824879436,-2.73279196653765,3.2740753098509,-3.541687479312,-0.946820179878694,-7.55572894101666,-1.7670051458427,-0.642332574056763,-2.11442919291931,0.183327412773884,-1.17779250651196,0.163513485137887,0.289861124197445,-0.172718010367512,-0.0219095177813472,-0.376560088595995,0.192817419134693,0.114107224212598,0.500995608471866,0.259533270224708,1.0,1
63267.0,-0.351722929289312,1.14059752452552,0.117885438836319,1.06516634743305,0.0285129348012337,-1.44016776367586,0.746559745105002,-0.0571590642241115,-0.334200442536888,0.343252963095731,-0.464819865805848,-0.404866131651234,-1.06541216589525,0.785635962341161,0.764610543432805,-0.570242441503912,0.0840898502389423,-0.0935158565366324,0.284559635708331,-0.110832430339096,0.138863280369777,0.615958759838425,0.244741634454524,0.695105389545852,-0.764373788438231,-0.464322084799374,0.0326035023123874,-0.0748128975592487,3.5,0
127376.0,2.063726653479,0.0009986193010034,-1.04612236667303,0.411419978767992,-0.0879855201384186,-1.20351533316627,0.229086051267168,-0.373278471862532,0.440022140075586,0.0540714035398653,-0.619410053363752,0.796262777593676,0.72934494818151,0.143029188579682,-0.0339261011222435,-0.13919328231738,-0.322967821100732,-0.954543725266533,0.138519580224933,-0.183602986036768,-0.281500105831042,-0.642397828130227,0.33402117188939,0.064530815225325,-0.276709751654549,0.193233363487365,-0.0662089190377263,-0.0585542056974116,0.99,0
28625.0,-27.84818067198,15.5981926625554,-28.923755945104,6.41844174657532,-20.346228155413,-4.82820246578157,-19.2108964179086,18.329405525597,-3.66873493861418,-8.00915938639777,4.30309581759563,-6.00866000668561,1.1389688287939,-5.58044712038062,-0.11073711578577,-5.49107326163426,-11.5885435992809,-4.71542017123115,0.734573493016404,1.69785626318366,1.8021491336386,-2.06293427611466,-1.26984343615924,0.165409188492223,1.99949911253199,-0.211058522431997,1.32480949279508,0.388090177732107,99.99,1
85285.0,-6.71340697159693,3.92110415204576,-9.74667821737542,5.14826254938013,-5.15156271985187,-2.09938865681113,-5.93776683170198,3.57877960420447,-4.6849517505833,-8.53775768653457,6.34897930341209,-8.68160893168352,0.251179384774619,-11.6080022570993,-0.351568782034355,-5.36356643348466,-11.9390915052116,-3.58360287020043,0.897402406121681,0.135711322729059,0.954272201927517,-0.45108644858101,0.127214424071711,-0.339449869297565,0.394095513633807,1.07529509891805,1.6499059092424,-0.394905372194808,252.92,1
149320.0,0.693817579620198,-3.50565984896473,-1.63587553883038,-0.292200724514892,-1.66516079435972,-0.161134314930737,0.0396684779897496,-0.30986154846804,0.117510457083246,0.380999161540494,-1.5114505953703,-0.772802827711479,0.338192149150653,-0.323418572633664,0.340546618237244,1.47754203906913,-0.104299268170131,-0.729062504949799,0.475613408533886,1.58566741674,0.749058507897605,0.458281051378015,-0.64955756356069,-0.641313558133769,-0.344209686724301,-0.12674107030148,-0.140196973624921,0.0813833063132681,799.99,0
12093.0,-4.69679522444504,2.69386747884008,-4.47513271259153,5.4676845487781,-1.55675807549758,-1.54942028904253,-4.10421487278526,0.553934075416293,-1.49846813107494,-4.59495176285009,5.27550585077254,-11.3490285500915,0.374549235103921,-8.13869488434773,0.548570894168134,-6.65359434741365,-10.2467554066001,-4.19106626655491,0.991486122257293,-0.158970548660611,0.573898081112651,-0.0801627753981571,0.318407817148194,-0.245862202650853,0.338238431564141,0.0322706213908033,-1.50845793363219,0.608074682590101,0.0,1
80185.0,1.16007840897604,0.173597595219352,0.40522644057776,1.46338928243094,-0.363027039099091,-0.642797208785596,0.175314907332791,-0.157259411339046,0.299446270574894,-0.0905919459983964,-0.765817709736697,0.418250277174755,-0.158305071191577,0.0532705146312531,-0.337161239385992,-0.425105136341581,-0.0109924805562255,-0.518008507482052,-0.0170015709590669,-0.111410381502315,-0.115021637056994,-0.187991489382482,-0.112623306924741,0.406178541465161,0.725188835009746,-0.344992582849919,0.018385054784655,0.0236523743007966,33.13,0
48674.0,-0.465082770391324,1.32157092478166,1.19665640670676,0.765782641332019,0.807289862453847,-0.844674373096206,1.11169985057244,-0.354649599743432,-1.01124572635262,-0.85430901915284,0.871758265942236,-0.0718637850133924,0.518365981098382,-1.62955562558838,1.55637097063401,-0.453633295720709,1.70995668316361,-0.105142553866985,0.346109132581053,0.25175635292047,-0.0812898639206421,0.0234381184514574,-0.335769413637253,0.318768477349666,0.237932856459198,0.527756848279295,-0.107576791027121,-0.119393856013408,0.76,0
72237.0,1.20607861563545,0.151283263052917,0.679960422109437,1.32090720674092,-0.576750381930854,-0.577694727470952,-0.0882260130419197,-0.0420286133847324,0.593396533383208,-0.142538697569217,-0.839567177901607,0.124844448405343,-0.802132247066063,0.0912057237494023,-0.0925636136167094,-0.256583389206522,-0.0253287964069741,-0.457220223820636,0.0561794334448101,-0.211780114506197,-0.267264911231072,-0.611216359019993,0.0419018696414467,0.358913330619558,0.498725415346892,-0.523410580278296,0.0348326020689568,0.0247151778003668,1.66,0
163237.0,2.09189151145721,-0.179061836319441,-1.84994715089434,-0.0633415802183448,0.638530794538149,-0.0602829116545422,-0.0139631547707032,-0.0140395827326719,0.562089360052624,0.203680854091231,0.0431880746091364,0.0448555029788471,-1.02634296752769,0.856992656804398,0.326135028119146,0.262584141302078,-0.976201298296376,0.811659698126537,0.339299552313378,-0.254937110459827,0.225708554619021,0.694629726225389,-0.0662680566083745,-0.20460785553533,0.319784699645296,-0.098424712448776,-0.0343027770089422,-0.0736522864869144,2.69,0
138816.0,-0.796401446548123,-0.505182011222985,1.69661286508656,-1.2577675478974,-0.641663175673145,2.52594039098442,-1.34665206113019,0.872372936446204,1.19228071159709,0.367741013247022,-1.54897217104915,0.609317697459755,0.581549142075381,-1.76157748813093,-1.33477432241531,-2.6415334719716,1.0051566330642,-0.0674207648748308,-1.84248274081921,-0.443791618999987,-0.120578696440426,0.903130831959919,0.259965819809005,-0.290483877302003,-1.48263486259769,0.629708738139928,0.450614564033794,0.426488535257583,22.5,0
79146.0,-2.4927580319667,-2.58816304678763,1.67169286533508,-2.43983700484558,-0.258031806360989,-0.920751225445315,0.450960895499536,0.136687481578607,1.73858678201011,-2.67399025535519,-0.322778374920564,0.799583082934496,0.09569914179994,-0.193016224947055,1.40390802416827,-0.969697631569046,0.0464275046940434,0.247049597209266,0.0727856898087844,1.17533774378744,0.590345486120709,0.793447921530397,0.792940715775697,0.0798052982556983,0.852970338122862,-0.707991830338593,-0.0563863693860919,0.130218170669544,404.09,0
139299.0,-2.54823776590097,-0.16656777640275,-0.369808053726409,0.651406608714116,1.74206423088152,2.11390074215696,1.22984136781906,-0.173639882322819,1.0272476912047,1.82540582501842,0.683623010408824,0.173640752608991,-0.579159523556056,-0.593821520655953,0.0542515955890755,-1.52676201587356,0.0525232119484009,-0.711742144371512,0.367604312340528,-0.440462389261269,-0.224448268484914,1.27472211110652,0.326886686760629,-0.923892212905723,-0.0289459578296467,-0.385520313332604,-0.777110643936057,0.112861592186991,94.0,0
27252.0,-25.9424344479142,14.6019980426299,-27.3686502881266,6.37839460769688,-19.1040334039646,-4.68480620428185,-18.2613929340355,17.0525663121462,-3.74260500983864,-8.233721369876,4.6648362538527,-6.52566786025865,0.92375858946558,-6.32597461208273,-0.0702237027595964,-5.83836021908828,-12.0616957125199,-4.77334851403019,0.852969608454831,1.66730429040185,1.78431598423494,-1.91775921336107,-1.23578743924962,0.161104731783341,1.82037804128869,-0.2193590586868,1.38878576213598,0.406809649908512,99.99,1
120683.0,2.08600838543092,0.155522126568606,-1.62799274755129,0.462922934388626,0.371790520981449,-1.35092284109445,0.656636317988037,-0.547623079528511,0.374343036087203,-0.104207981515626,-0.705192935675908,1.20524956480138,1.27262845115518,0.189442989628079,-0.470890301846103,-0.861440067900755,-0.19049154557887,-0.798997560460014,0.246982159164657,-0.179762239382741,0.0081906662426483,0.348389769467445,0.0091856048840271,0.0429597551780845,0.420187356793627,-0.223640857955973,-0.0262670512476376,-0.0643141755442499,3.0,0
33335.0,1.21414808505837,-0.281539572919166,0.802616350266076,-0.189345695681116,-1.08764026089362,-0.923849287582854,-0.424894481337087,-0.0847698291046823,0.589511607237821,-0.221027498349529,-0.288392233682203,-0.0278077643369752,-0.228973160562644,0.0836848450694229,1.44832092849806,0.661018203563899,-0.391613537952035,-0.309903599852766,-0.0054572642635306,-0.0037350817976083,-0.114575419948199,-0.422853553440352,0.118397356693633,0.433382084543923,-0.0858946684817843,1.2346163135704,-0.0926573174490623,0.0146240289239906,34.99,0
48484.0,-3.20443965063525,2.83025614271582,-0.951559514876672,-1.47554527567794,-1.80688922900732,-0.906187626183971,-1.34620949978448,2.26691497419478,-0.144649630238562,-0.0950558909755218,0.459033640220746,1.84806823949831,1.08458625020039,1.16307088071951,-0.368214415352881,1.41229687093478,-0.31137688909703,0.240722727664838,-0.528876296190779,0.170198438567711,-0.0078705552613878,-0.306813498124063,0.239349105906054,0.0425868310842123,0.163591875971269,0.757768322077846,0.0833039471162019,0.0342206740905188,7.68,0
122918.0,-8.88720092021139,-5.33442998147911,-3.69618916018104,-1.10642358160324,-1.77788066851381,2.33317551649908,2.29333320429663,-0.193435827812904,1.86550448286226,3.03668012699189,1.08419693197783,0.0574009156368273,0.270505971218128,-1.27085201320824,-0.0234020626619409,1.59359930850707,0.0049583025748938,-2.78533088199367,-0.202182335500302,-2.74915740425548,-1.77265786882636,-0.397880039337375,-1.45652408481237,-0.694460850819621,-0.625867136852906,-0.726811254088577,0.0235700737505881,3.44054379010544,617.9,0
30975.0,1.09250733523467,0.0767488195849404,-0.007427337239585,0.407813943063858,0.0109517586999329,-0.444287153837805,0.322472922386044,-0.059168525346495,-0.473465086449363,0.0410578634128881,1.73055947527395,1.11722800144441,0.0438061098316108,0.696970894204497,0.306570894285322,-0.0670195938963108,-0.226912328115495,-0.837155245717694,0.0222382497595395,-0.0064627436516643,-0.270438256478392,-0.933916503761336,0.114397142178594,0.0111382096682039,0.166828696121013,0.144820423315177,-0.0607715034012771,0.0055209548477934,60.9,0
96151.0,-1.20612126674176,-1.56459977992726,0.881100545347893,-2.02521924499319,-0.497659183402548,0.490843822608585,0.381964479649044,0.182230804217565,0.46123272620535,-0.644305704201013,0.843574928113372,-3.88480996621945,0.236324013238679,1.36890748793247,-1.29459301484319,2.03646120678349,0.0386410275425704,0.471524764024769,-0.12826503744967,0.779653951085762,0.553097263973594,0.877790003534321,0.594982295862005,0.0772191246705557,-0.0120943900639345,-0.240420025030078,-0.0483698103327959,0.162402609847362,342.8,0
7740.0,1.02387386852139,2.00148526626613,-4.76975183220974,3.81919458538265,-1.2717542273697,-1.7346624268403,-3.05924503160896,0.889804791975203,0.415382113237262,-3.95581234352737,3.57205481558784,-7.18645159050588,0.147242340802109,-5.24930454889762,1.67833367358535,-2.64147310915178,-1.31205856007348,-0.391716050952505,1.11826355175812,0.204137684042271,0.343282648722251,-0.0541956644068491,0.709653952497143,-0.372215866946976,-2.03206836614816,0.366777602071192,0.395170669257609,0.0202055389458413,1.0,1
91857.0,2.13489145886797,-0.787810737570159,-1.09272322469346,-0.741780650963173,-0.322510028129318,-0.382169470246983,-0.618040399736097,-0.302183070193689,0.963375287599498,0.340143329570071,0.0866232055931826,-2.61760658966782,2.75599420942736,0.995844571794255,-0.791361515609234,0.865695855003451,0.867488687303113,-1.28225603280097,0.46463930783986,0.0954037564216656,0.0583883692372054,0.396655829392749,0.114258871305231,0.405899199101476,-0.0186212655682748,-0.220159948295817,-0.0478934477641329,-0.0498548313629224,57.0,0
136931.0,2.05480728077663,-0.0973665560827295,-1.23844232851309,0.186138115887096,0.163338727381964,-0.612605267054944,0.0828201650427645,-0.167602975571277,0.286792083443103,0.237887540464979,0.563058626434135,1.06772905930615,0.246094897480759,0.406726888758386,-0.645885600792078,0.221323405415314,-0.722388233026374,-0.241648481423829,0.614114694897377,-0.18798875597142,-0.267304067472213,-0.658782414966542,0.267522297363033,-0.487693432587161,-0.258422929846965,0.207475609937848,-0.0738045345157108,-0.0747057315398536,0.89,0
39400.0,1.26495333393157,0.354062029907008,-0.18175643201299,0.989607194883577,0.506022037616227,0.0778967806011482,0.287872184991528,-0.111608481030554,0.0092676017635289,-0.133870322249673,-0.972053736500534,0.715993822530708,1.06853485514181,0.0171842904608707,0.223141379560501,-0.517583867686987,-0.184764631663279,-0.738941320968649,-0.124629858854995,-0.106689811355425,-0.0506382338699107,0.119120397261155,-0.235049869034544,-0.71997715352086,0.921983385765528,-0.198081265040704,0.0335664173923748,0.0036060897323263,1.18,0
153494.0,0.292366877818498,-0.520790176541268,-0.0064713741508368,0.236876074053261,0.707816994569373,-0.524440326209053,-0.0564211298949617,-0.380067614314714,-1.38970200127047,1.38350639766463,-1.16877902718797,-0.934563796727493,0.343268082544381,0.200789814803846,1.75511600190117,-2.51435142309617,0.472282509619356,1.77443023949182,1.77310995070472,0.0903738266949219,0.0190085479063724,0.654886476523149,0.145467059153208,0.529513847302538,-1.28330044411479,1.01543385798456,0.075559251378489,0.0541644181446425,25.2,0
127857.0,-1.10232168646118,1.31095611184636,1.86740288039996,0.745443489839114,-0.294893779874076,0.161404673370516,0.0006951636567825,0.6879596293163,-0.803140015572165,-0.364770800251102,0.893671350959719,0.928662673779337,0.442803833278689,0.431073330995614,0.427647186448606,0.249886652185824,-0.378885098397676,0.63698424367997,0.707708866041003,0.128791807372061,-0.0412064264951609,-0.151673872434854,-0.185538119581412,-0.0311313776200168,0.30273338239112,-0.622033952465823,0.236497830384957,0.069463330403098,11.0,0
113138.0,0.0173043491537676,0.848043189368033,-0.230993468687986,-0.59371691218928,0.917514179900216,-0.109626925269948,0.764684534780001,0.0647395106918475,-0.0495201285451422,-0.161058112821394,0.139078991253087,-0.190694425712841,-1.12418759186729,0.821312526648024,0.359928159077706,-0.241107057156383,-0.719027043545268,1.17922760517741,0.988796511037724,0.0219172436674935,0.360353441477467,1.20642513451428,-0.283199460364512,0.195374098643365,-0.374832663955379,-0.420608152629822,0.482815991474879,0.275489405482481,1.0,0
109298.0,-1.00061051985933,3.34685000184439,-5.53449117133595,6.83580203854396,-0.299803293657807,0.0959512989990878,-2.44041927394713,1.28630119597073,-2.7664382829404,-4.45800770078481,4.69653339192897,-8.76211333956078,0.985826601093264,-7.32027202211023,-1.06384045772504,-3.37112471078725,-4.25115786762875,-0.43005729986925,1.80401333906519,1.18981379228675,0.439756764345897,-0.694099203587273,0.299660329499667,-0.657600627722995,0.101647558980344,0.430457439169415,0.824685450418745,0.326952273050223,186.13,1
128266.0,-1.70861240326494,-1.57136153914171,0.945578861928106,-1.82674602372956,0.667740336497416,1.8101568181156,-1.43224811987897,1.32329238157529,-0.586730309605496,-0.536392783484399,0.0888807345663853,0.0713953414564843,-0.366952362039932,-0.333819610103239,-1.13390205859791,0.513464848084898,0.95199493914227,-1.88545191914981,0.275143015206617,0.361160192127587,0.283226021844769,0.29409123851119,0.0924266390292418,-0.949841271017201,-0.371959490956496,-0.295073326830943,0.0630392865327012,-0.128837909652574,74.62,0
152213.0,-0.163985361554307,0.628001926863028,0.0680523085772494,-2.37049780969797,0.0252847428181791,-0.911117690577742,0.335144135334088,-0.153407159554801,1.64902266697823,-1.73935225838159,-0.643902277347136,0.66081706317574,1.14452060695311,-1.7929325412581,0.88185750212666,-0.0392445841492495,0.34125636018748,0.889397018797581,0.170711297695114,0.069389472455033,0.265222006226347,1.10811834181328,-0.279688289391525,-0.433007707376295,-0.144058626603823,-0.107226468776102,0.104210848955741,0.13322271153345,7.86,0
138297.0,1.62461546170231,-0.688860664295587,-0.0745302379444283,0.916005884265678,-1.20705924566759,-1.20286426886569,-0.135448999531594,-0.241722645070221,0.800924859324128,-0.0541472926097911,0.118590303875241,1.07644402523139,0.661211031239654,-0.0829126092993173,0.368057663739061,0.120204917588259,-0.242641778308354,-0.78057955579516,-0.521042013088986,0.12844129285082,-0.0890943777793196,-0.477979618410361,0.392290873944274,0.929460921545481,-0.737588398126093,-0.139310268628446,-0.040921260859589,-0.0009522378428877,165.7,0
36170.0,-5.68501341827133,5.77651621042963,-7.06497672861513,5.90271545151069,-4.71556383098609,-1.75563332378958,-6.95867914257843,3.87779518702774,-5.54152882782373,-7.50211219093686,3.67670318691664,-7.64298306727846,1.68986512270453,-8.29965953059956,0.646996364810759,-6.79279505972775,-12.075932061394,-4.88217964265137,2.62662452479163,0.299488632233821,1.12864107441301,-0.962959729230981,-0.110045083655872,-0.177733240766768,-0.0891754157062679,-0.049446723229275,0.303444581632884,0.219380438614266,111.7,1
58003.0,1.297564010961,0.419921026881072,-0.411266144274959,0.676065424681186,0.703084825905936,0.0590839186740724,0.351383615925825,-0.133967378820953,-0.508995675986745,0.149867322233335,0.336957066219557,1.17707691037169,1.49260703188866,0.317333971726105,0.0250748849018959,0.447166600552886,-1.1809107903991,0.465558088090422,0.508200849802966,0.0060145334814138,-0.047530111042862,-0.0681456854763847,-0.29693860528041,-0.996519581626278,0.923582046021458,-0.296152210893568,0.0056923951371657,-0.003217622316897,10.54,0
130406.0,2.22609917177306,-1.5307248973014,-0.796422714209218,-1.71824470678907,-1.06952940336473,0.107744228153765,-1.32559573236146,-0.0505596561095081,-1.06665687647129,1.45860454027996,-1.39734599335765,-0.481863044765586,1.50522286237381,-0.807675767260454,0.1190242295487,-0.108007796070397,0.109394701364872,-0.0909568903410678,0.043498874840878,-0.24069246780126,-0.413068896272156,-0.800973784308467,0.37158551371605,-0.0218234533817372,-0.500686981193555,-0.478766224921043,0.0322676240884609,-0.0255469884276397,59.99,0
77720.0,1.37285228301584,-0.600069481773746,-1.98224172265667,-1.65259626385957,1.8759889599485,2.8503275319669,-0.650838982431639,0.633995915315747,-1.19547757647127,0.310625568047008,0.274893875201137,-0.937922483348395,0.0752719594351461,-0.787505959386649,0.800437597453002,1.49648494778361,0.591162720145895,-0.674473283527139,0.819934798218484,0.336575147792809,0.0859689760554669,-0.0903114583750521,-0.211466733036336,0.957720245024697,0.811914782312582,-0.137129510905972,-0.0133795695239448,0.0313417752919126,69.79,0
134013.0,1.90337351201853,0.0295556488881886,-1.96971398288244,0.178598825872951,1.04129700180525,0.53182473406152,-0.076740815664699,0.218099263317061,0.324945454543255,-0.490352568540929,1.76681172282559,0.940378255639359,0.0241992473897072,-0.590460825475282,1.0401422224074,-0.406958722341601,0.979158231257863,-0.300985682651035,-1.17281932038236,-0.277418827781962,0.306107305722329,1.14715304512123,0.0123467594972152,-1.48529623979623,0.043661639962729,-0.000661301481127,0.0489123026663798,-0.0539716715512589,2.42,0
160034.0,-2.3493399641893,1.51260401518904,-2.64749719609623,1.75379247237301,0.406327950335496,-2.18849400496996,-0.686934747748875,-0.547984409288573,-0.0995281132954432,-1.67234597814111,2.17297610055437,-3.10347667138871,0.217560544573622,-6.03440257566619,0.164400705894815,-2.38382603356602,-4.16647877527802,-1.77239694698232,-0.526280794204029,-0.0934214753719124,-0.0885194213942628,-0.595178282040403,0.258148130014773,0.0619011334336728,-0.35418019381022,-1.15267106612603,-0.736072755373029,0.733702732493917,4.9,1
62976.0,-2.4665404344346,-1.28970559118716,0.626498231478655,1.60487714509677,0.910353834855787,-1.71466844362982,-0.160914392318292,0.314073044451143,-0.38625393221708,-0.191994713100395,-0.801226834749029,-0.528133372895011,-0.925089618743894,0.78555879244089,1.29969847422872,-0.0199532886621427,-0.0167239564801834,0.334443906420963,0.567968828406203,-0.427939769690236,0.0393304714675984,0.420331634453387,1.59611993496979,0.333077701435272,0.425512289279557,-0.229700305793024,0.0726633332995152,-0.220835452726825,36.81,0
161012.0,1.91691979481108,-0.281894720950206,-1.4181752836883,-0.0024564160364634,0.816728813896666,0.926817467693567,-0.139514258143135,0.259214267662918,0.282609971661522,0.0986473013393894,1.06053185647527,1.27855294804429,0.257311900247269,0.476144758376116,0.127639021270609,-0.60495071864376,0.0452896634035353,-1.53577939252015,-0.398141918524562,-0.252739236192706,-0.189713996467686,-0.352565360942417,0.322054968004374,-1.62497304165012,-0.455010267076019,0.308218226796328,-0.026117933890555,-0.0850183469802164,11.99,0
93834.0,-3.7656801220835,5.8907352377921,-10.2022676310229,10.2590359766218,-5.61144841660942,-3.23537557925717,-10.6326834778618,3.27271632618119,-5.26890524285018,-11.1821254546586,8.87947566765026,-18.4311310279993,-0.232822027713119,-15.0216572999306,0.141186252914787,-12.1863624982841,-20.1655673800665,-7.05165135326307,2.50082720798487,1.19413732146866,2.24560593428534,0.546320674537693,0.381853427747185,0.382024544024505,-0.82103649456311,0.394355120127285,1.4129609931535,0.782407053763083,0.01,1
50975.0,-1.26880323660884,0.244146827746643,1.47315837150467,-0.0681375838378675,0.639512479024949,-0.660248116418062,0.631666914812921,0.0882631803339783,-0.829621337602216,-0.240603346477903,0.926583632311737,0.359418687549613,-0.131965240942057,0.433124327426684,0.160212702113006,0.284829815416908,-0.650204391866319,0.507969642202452,0.418806995775525,0.484683734273551,0.129885611722006,0.107527553651366,-0.109178996138091,0.0231339942917574,0.570376121345549,0.448773526292482,0.186871183837031,0.123408450923584,83.0,0
131836.0,1.82087605817509,-0.765221444360345,-0.463702823092421,0.0715076135230553,-0.625830619465714,0.150469523204906,-0.727362226780226,0.182345222422175,1.2568768039427,-0.0838023568308136,0.777829320085692,1.07944154827496,-0.084765977963129,0.013542345319024,-0.0840427652291645,0.266170415099752,-0.654101188776915,0.581996096103943,0.0731309009184477,-0.0469311880679642,0.271808492525708,0.81433298503787,0.112614904832827,0.746881716302272,-0.228997799589753,0.068354101493087,-0.0028705538929392,-0.0339313070675095,74.95,0
120153.0,0.0671896846722478,0.916362308314718,-0.339729687575041,-0.624437004129766,0.929876575634619,-0.535724773924021,0.795381392338938,0.087095357309738,-0.234895765944774,-0.653834307413683,1.07789436624594,0.356855166623377,-0.623681032393565,-0.702815714491347,-0.843032036044821,0.457239607399919,0.246485619631091,0.21483280335441,-0.0525789968959243,-0.0102076994972053,-0.280812557522687,-0.720764835468009,0.111874593209104,0.587092141417956,-0.499494034547321,0.0941551423604625,0.218104309260165,0.0742222873300193,0.89,0
52774.0,-0.122771941149167,0.757838767607048,1.4478461244575,0.973702297539776,0.0839088293195102,-0.0702168453069252,0.325181184407278,0.231154869536333,-0.690221743670673,0.0184789618260173,1.56339487813708,0.468917578601364,-0.771645327941926,0.636036469414099,0.714757630902889,-0.144468662917272,-0.134886020191102,-0.127659695011607,0.281916840496972,-0.0750108961204313,-0.125845883000698,-0.451509382919234,0.222658860984842,0.148120690790724,-0.723480082450804,-0.713013410562429,0.0974036535362507,0.0443678664384793,9.13,0
46925.0,-0.481531150954278,1.05954227713479,0.647117402910268,0.905586233912649,0.81936824001549,-0.0911835663506086,0.504134851323607,0.161064336313081,-0.765053776949662,-0.55054534794377,1.48028602025778,-0.105359122514952,-0.804841454759319,-0.819901849432008,0.916881766469427,0.201150538864914,0.874890632270019,0.941476678511478,0.272698476205832,-0.0425151328862889,0.0706328691882125,0.192490772493404,-0.174659253437827,-0.438908072947488,0.239258996609831,-0.217823405004998,-0.0728522476980958,0.0104633125817071,1.0,1
73854.0,1.14938894714372,0.230973857400454,0.11390181886165,0.925021108571445,0.315454319700332,0.346342211931571,0.0370362755176028,0.0665210320719659,-0.386526177690826,0.150089357294978,1.05916731785909,1.25673441667707,1.07634293029852,0.314665008567755,0.430467389567656,0.209815465943533,-0.752709585266426,0.0818039743220273,-0.299059506127351,-0.024422073535051,0.130986115158638,0.423186937896592,-0.210903966045504,-0.62297678137144,0.688064105700972,-0.232174122084564,0.0319583928525875,0.0080394634712284,29.0,0
138894.0,-1.29844323295373,1.94810044909488,-4.50994688793757,1.30580476704534,-0.0194859272181987,-0.509237783834405,-2.64339761889288,1.28354519416721,-2.51535570266591,-4.50131480977758,2.09307500991474,-5.41888894354848,-1.2470137120242,-3.82826817896473,0.399050336571034,-6.36649950945483,-7.5509680917538,-4.90276666632221,0.152892032043683,0.250415437314689,1.17803195025635,1.3609885807297,-0.272013060161758,-0.325947896160404,0.290702673395833,0.841294588482068,0.643094248950207,0.201155749649851,0.01,1
17520.0,-5.26805322089363,9.06761342731767,-15.9607281345144,10.2966027898053,-4.70824109122294,-3.39537485177836,-11.1610570028797,5.49996263444947,-5.66737554592835,-11.6271935556579,11.0270590938161,-16.3880541668327,0.363921486512734,-17.230202160711,-0.437487559248993,-10.1223919213552,-13.6392089915234,-4.98645725844229,1.12678437819631,1.45587819528,2.00410994522741,0.191058399384387,0.622927669875126,-1.20926355739155,-0.374798862642666,0.64879803679546,1.58469734677224,0.720055870245492,1.0,1
101450.0,1.80271563878855,-0.304729028381382,-2.09292106094509,0.191727277807162,0.553229538496724,-1.07947464781499,0.755030780282206,-0.537488915212639,1.23622892539475,-0.280493243493316,1.84612084586317,-1.46147612801106,1.8544074812887,2.36890687042344,-0.95448711291351,-0.361398094558674,0.127933143180832,0.220937405220444,0.192921125420964,0.0614761617477857,0.078571659893561,0.251564129802991,-0.165848733831566,-0.392507249841319,0.277480814327321,0.121610930807597,-0.135312186886982,-0.0685389505161216,157.29,0
61918.0,-0.405584192235934,-4.00234863713444,-1.46518911345221,-0.919401377421124,-0.0120992987987802,4.09255913927957,-0.462583181705585,0.766337670135212,-0.366053468730029,0.117444473868926,-0.276238489032417,-0.538444473447014,0.40789094789921,-0.354968031641238,0.661995708515993,1.66178326017397,-0.161958359852839,-0.530885307614606,0.599473076401502,2.11497826774084,0.692157461867149,-0.240984009482414,-0.879388810327738,1.08212531809314,0.151339367928725,-0.273082432317096,-0.12463765623285,0.185319745838827,950.0,0
46382.0,1.11486036038414,-1.28634680497618,1.55942858217549,0.03998664455446,-2.02264335537674,0.279917084644227,-1.30466417448529,0.161076651569776,0.634095628724816,0.180582209139978,-1.38854025619787,0.92833898587488,0.965114240397251,-1.42360531349192,-1.77986965184922,-2.03032568803942,0.724620341136013,0.602203061716875,-0.126803378393814,-0.291824981897704,-0.490526626022816,-0.598866333320609,-0.0054545253679974,0.49108869895331,0.143490932768437,1.06258310661231,0.0165058212214035,0.0370637562796544,88.9,0
62731.0,-0.377579431958599,0.981350798114768,0.919866209067282,-0.301119780198347,0.689779643542363,0.296676351474556,0.497866360871464,0.277346396654575,-0.575317537330102,-0.380986780526359,0.907651474236417,0.327782425120188,0.0117789533295877,-0.224987048489463,0.526064432693247,0.546142093305593,-0.269736503720552,0.210024976127974,0.167232888588141,0.117485594459043,-0.241321180354081,-0.635269433241728,-0.0974726888522365,-0.902359175690542,-0.152099312135278,0.138297904411703,0.255261552602956,0.0759447996959753,4.49,0
17187.0,1.08837493830851,0.898474023721059,0.394684329076182,3.17025757451452,0.17573879687403,-0.221980885195245,-0.0229887284923858,-0.0108735366656839,0.860043617194172,-0.592472935320844,1.07272839973578,-2.54755681422931,1.23595005675711,-0.330305803751441,-1.02235437464957,0.335642172519614,2.29899822072815,-0.1620962094812,-1.53270721248432,-0.217358192249005,-0.423553904215867,-0.800852284805578,0.0776144554303444,0.167608452574198,0.350181817443194,-0.118940929478619,0.0129477659306532,0.0542542721018558,3.79,1
77195.0,-0.514270451485183,0.946692600188286,2.40688787681627,2.17260988911288,-0.136061537013212,0.511503985516301,0.386298934293772,0.258460849416721,-0.849033717936785,0.102687882469948,0.640704654656777,1.17916079384991,0.476664941281556,-0.53457738041539,-2.42136639610535,-0.0321069927668739,-0.197804457325928,-0.0664664855664181,-0.108617769163444,-0.0295841182788206,0.0318248744835993,0.307629142596497,-0.178754925841887,0.567506691438678,0.0857295363729343,-0.0131184098053123,0.0762321908573066,0.0595236229132625,21.24,0
69223.0,-1.20586871762615,0.358475808646652,0.941842982834187,-1.28347936126384,-0.691672352197134,-1.06473754606753,0.433261108279036,-0.464114784938913,-0.88486775448001,0.997131264519238,-0.36323229688964,-1.33490728356919,-0.869274729091379,-0.203534700773322,0.597432400702789,0.976814998236509,0.315102977810622,-1.71253880725422,1.00961971396738,-0.301234420980695,-0.204912812567879,-0.867589077236834,0.322618128295723,0.314083687125196,-0.274638363352423,-0.754106146663678,-0.93464789860534,0.188482352629125,41.0,0
668.0,-1.87414236290575,2.30886052896075,0.135440175311553,0.456605878192993,0.163187096031537,0.922956507131214,-0.896194724942581,-3.61415203936783,0.0280651346495624,0.415208464708831,-1.28260265543163,-0.391149369532353,-0.794374748585444,0.668009450986021,1.33664920273244,-0.29051471006233,0.21001663574047,0.105745510127611,0.284927210853641,-0.790837902017803,3.90100118632027,-0.910663293707555,0.36269077085723,-0.850869231083286,-0.104456511692857,-0.240938399035433,0.170569644010641,-0.0346540858728794,3.1,0
127389.0,-2.50091781852327,-1.12049427305432,0.446080295015375,-0.451448160428822,2.60801253275269,-0.836055573249791,0.789286057658499,-0.175565085310993,-0.351656682778135,-0.65360101789277,0.683787205191732,-0.107780587174076,-0.525144702847253,-0.999149688795371,-0.508356080455225,0.581648972094851,-0.0681680252081273,0.549845179517202,0.62025129289977,-0.105929422710594,-0.458177035183073,-0.959328327657229,1.00998897212549,0.0556557041323063,0.875984188898154,0.291755872567267,-0.596255844628755,0.288402883703179,1.98,0
141749.0,1.84223675191814,-0.357409779042041,-0.556647638498319,1.49386239732992,-0.186895289008746,0.210644294642467,-0.269292261096235,0.106823852698785,1.23967841490832,-0.0352043720365089,-1.47024045104948,0.416375268699833,-0.641923398113443,-0.17675162419697,-1.05650286279701,-0.390858744389512,-0.0336619354461371,-0.826284112837301,0.186763978535458,-0.189406582477135,-0.506344406711131,-1.33248124452941,0.42422105595058,0.50635349313715,-0.333666872236724,-1.13237063006069,0.039690236129141,-0.0168192760395236,60.5,0
166504.0,1.782952689658,0.0932350387312718,0.162593512634714,3.72632061374787,-0.199890586842264,0.740045498593679,-0.60876788469953,0.280526611562696,-0.462958319813507,1.53369685873752,-0.0233202574590879,0.268185409475735,-0.177664373323624,-0.0385084910605329,-1.23196066734631,1.49888909022132,-1.26708462405362,0.670409014837472,-1.34092879667356,-0.212351501938801,0.219910807536369,0.635257912862407,0.110989987476883,-0.364278787557717,-0.243979923614496,0.0262771405026782,0.0048446436882887,-0.03930561308449,37.17,0
97320.0,2.09967810149621,-0.31307923022107,-1.44865843702939,0.227426492639971,0.292179604021478,-0.103979918357071,-0.268812505367743,-0.108743578425838,2.7226442388767,-0.535326684500969,-1.04011887204234,-3.12912436187899,0.0047948912781934,1.76178209935619,-0.847769578479908,-0.415309947694268,0.539281450715608,0.229426193178299,0.305821813311635,-0.343688882008427,-0.138479031302897,0.0669364619691808,0.0133240186510164,-0.0728254553926904,0.224855552574531,0.17709634455288,-0.0670165257699455,-0.0731590682261469,7.14,0
58067.0,-0.264868683737295,3.38613996883911,-3.4549969895002,4.36762905773351,3.33606042827178,-2.05391842272465,0.256890458421417,-2.95723544083265,-2.8557972336327,-2.8084555425423,1.84750351109611,-2.4148223375383,-2.57322454244165,-6.5991261303635,0.123470382678038,2.57237180761341,6.60936580903842,2.53066979960508,-3.60265725092653,0.482513022122587,-1.39450379366468,-0.166029306744804,-1.45208118338289,-0.251814670710545,1.24346054282121,0.45278677690471,0.13221807596169,0.42459946550375,1.0,1
146267.0,-0.629285896059877,1.37978749908678,-0.297017925205877,-1.39329679516582,1.48965482338306,-0.885138671820824,1.87244400858959,-0.523914471377923,-0.590964360436635,0.141193554144417,1.11327309038148,0.731298001652437,0.265175231147018,0.446132812117889,-0.678330855417119,-0.630348018943261,-0.726160465233803,0.0042415761398995,0.279980430287229,0.248376456685733,0.158709291822277,0.782369409452987,-0.492603469302938,0.834801829874138,0.546615630399798,0.155325007239018,0.0918485478049091,0.0026827041970631,7.57,0
72173.0,-0.456298835051737,-3.67098623611817,-1.15064034460801,-0.241709232263113,-1.20835617589307,0.58925281317885,0.678061124988672,-0.236510314169939,-0.833264133980883,0.0991709612660929,-1.15982439033409,-0.761324133355199,0.801693511236368,-0.0272664799261037,1.27063188823629,1.4729852766868,0.0039413034587632,-1.3954344325664,0.459207009433885,2.11844417215096,0.444405977701834,-1.046902558356,-0.885919488424216,-1.28532019636815,-0.0132962577491133,-0.471738442767756,-0.161472070651481,0.178535782644556,1002.0,0
87029.0,-1.15656720857294,0.828786964261286,1.05326565211067,-3.3569555495654,0.226280325093266,-1.36183343720451,1.33496164606755,-0.361675030148306,0.888467511475296,-1.87694744577874,-0.63333779784194,0.993586815475873,0.986956257255696,-0.292909027215452,-0.17163434505566,-0.448618940754197,-0.676894923772914,-0.393032812075085,-0.405097752899952,-0.0325422051916197,-0.0041276104388543,0.16119531914528,-0.535679719009347,0.107319768690736,1.06339214943573,-0.310188034731439,-0.0233767663264257,0.104693581305209,32.17,0
68602.0,1.09393040324461,0.422960621106459,0.795581141794622,3.62025434258217,0.245497128489791,1.19532673731199,-0.279141516808712,0.379770750678278,-0.517122736013301,1.01968462660013,-1.93468856960434,-1.02222412739787,-1.35641202415014,0.0759819727891444,-0.43149181745992,0.817882097573577,-0.432067310033368,-0.668049619883599,-1.08382911007205,-0.245703554560794,-0.408902294764323,-1.20194538990012,0.0797250338409845,-1.02869241535553,0.228875303580363,-0.185577676039926,0.0170678348430334,0.020914994724487,21.82,0
161347.0,1.8457310140503,-0.195197182739533,-0.628849134502119,1.17311695889486,-0.0273845033598285,0.170326560716044,-0.282531529808087,0.0800921806787105,0.402117557344496,0.31279393701936,0.902206699249015,1.39196129810194,0.660744213790333,0.13525382526506,-0.406651486322828,0.273258380954264,-0.831413510992614,0.314812944638836,-0.296591141217628,-0.0979772776759803,0.131068338739826,0.424560063914168,0.170403071972554,0.695655084253521,-0.0788795229166637,-0.730288973153302,0.0333617652325184,-0.0293885608812668,49.0,0
100501.0,-6.9852674861123,5.15109356872598,-4.59933777342036,4.53447860064768,0.849053978611719,-0.210701203278644,-4.42522968507474,-5.13452515572624,0.0693205728889109,-0.870997150804889,5.20081516878268,-7.80222778971281,0.0339124179895287,-7.56013197197136,-1.01465193469311,-1.50792960088674,-3.41027456780471,0.107544007359072,-1.37551765637273,-1.24699631854492,5.45367185347674,-2.05617714358307,-0.280333720590026,0.120771472511766,0.569357720918146,0.145971466001576,0.300193469284684,1.77936385243205,0.76,1
50108.0,-3.56777111262356,-4.31317092955023,1.07939937825741,-0.633174542361312,0.527364267633694,-1.52931712034046,-2.13460572855417,0.18777750002655,-2.29519901989484,1.52757567208582,0.868111099639819,-0.11266664517689,1.291022468112,-0.243865442144882,0.569315063613612,-0.0212159176107799,0.324487246010048,1.09114757152272,0.852728597171164,-0.206168099122794,0.0220114784642635,0.237217458395428,-1.33537355077948,0.180022780426201,-0.489785767627991,-0.0977269116114914,0.427587421033429,-1.15607103212417,151.5,0
166491.0,-2.79474475640575,3.35746996910571,-3.11149104761371,-0.122168645245817,-1.24907957430985,-1.68452612670398,-1.01873106887615,2.14877884811892,-0.524360155278487,-1.0599978531915,-1.08545991808436,1.49978322172691,1.86782870293694,0.36060325931984,0.364728766040952,0.657801520413101,1.37504447972709,0.731388113529424,-0.310367808426199,-0.218032358084257,0.451890009216932,0.979533565066175,0.145343727580698,-0.0714095107979778,0.0117289866633204,-0.138152482192996,-0.273935824631059,-0.046355652616476,13.58,0
40540.0,1.34597875386933,-0.460365190029883,0.109819029037406,-0.759128855469788,-0.706532481992777,-0.60566893327496,-0.327562000424062,-0.186163291899619,-1.33175701615733,0.827958775499167,1.0804910446871,0.958421843046132,1.30365912866197,0.12954612594058,0.0576667051229005,-1.08536867425089,-0.442698756742063,1.35057762412955,-0.359893890486243,-0.347564465210307,-0.332490038000848,-0.500729280878761,-0.03882151744059,0.0623308807079212,0.316094184662274,1.03783567686581,-0.066987176766753,-0.0030203640251404,28.8,0
74431.0,0.970898993720494,-0.218979181883603,1.32363811692785,1.66830859756217,-0.692118248022238,0.833555727144759,-0.52867583428207,0.353997051140423,0.825710676806086,-0.289483617400492,0.942664972283113,2.26365425096294,0.601330299099052,-0.723222245619165,-2.52452198313426,-1.05287854109966,0.542906844001823,-1.04098076332836,0.37156766187458,-0.0870751833966786,-0.322651043921172,-0.501974866953391,0.0611388694378488,0.247249264174184,0.391533031709009,-0.545381284264646,0.0891881311527544,0.0273310474153677,37.61,0
161530.0,1.47323344274827,-1.32952305598059,-3.285105915522,-1.29039617025733,0.4171569811296,-1.6608026442202,1.48341592304911,-0.793285551093718,0.836551360745599,-0.930526103560306,-0.484120637320938,0.822067333135957,0.379612504484313,0.89380006941862,0.508735253047348,-1.57670162927557,0.133526605408568,-0.518065571866588,0.754747886962965,0.596758418078055,0.526948933517756,0.943105473909652,-0.549760520180928,0.822290856172457,0.738016584627509,0.155285368497098,-0.151666199320298,-0.0182313229783287,386.35,0
167338.0,-1.37442438802593,2.79318461104641,-4.34657205544607,2.40073141993213,-1.68843271426041,0.111136092520939,-0.922037621262745,-2.14992997529601,-2.02747375610927,-4.39084192218279,1.24195817554592,-3.91052150018815,-1.22563629923953,-4.69799687128777,0.676108304106939,-2.07706554161602,-2.68352089790884,-0.525949332550218,0.42234244481934,0.650195855719888,-0.870778521555015,0.50484915999462,0.13799426850986,0.36827456897565,0.103136654803567,-0.414208828090744,0.454981584858352,0.0967109642319915,349.08,1
73564.0,0.971344113780984,0.107844134081402,0.0599594285778716,2.41534482266622,-0.0488945915018122,-0.223569091223434,0.287544770753816,0.0466965061068374,-0.833584822988936,0.894620785734476,0.487884891710484,-0.693387919638551,-2.23427521335728,1.06149586081482,-0.125269872086269,0.871971681468403,-0.765309563261809,0.452986483376236,-0.524370634467985,-0.0497128375226473,0.0254228002551588,-0.352956638639661,-0.178582747019792,-0.0635983878773927,0.505224547675242,0.0050708558488582,-0.067777461836292,0.0171906839450801,117.28,0
163310.0,-0.3829178627654,0.444956541339119,-0.524906818681346,-2.14598331152068,3.38351651818103,3.39677989840085,0.805494889959819,0.667450120846352,-0.109171080126989,-0.872577150527372,-0.204057642223532,-0.0076257902637665,-0.518612056306931,0.247834244585368,-0.0934006030050318,-0.318155879844891,-0.76314592787814,-0.686915727439198,-0.579118178760166,-0.0571159027134116,-0.22800790954206,-0.60440018184809,-0.114836707564927,0.657717383473227,-0.0621434664607001,-0.701897503864621,-0.0420961077317977,-0.0862642989401045,10.43,0
17161.0,-1.23652754194775,0.998563364236628,2.34624207340634,1.25198240214152,-0.584905311627434,0.612717984471617,-0.602980793779373,0.853449467960654,0.686556237438997,-0.562294297930397,2.11912949976798,-2.1526591495173,1.09711333345528,2.01903958375222,0.677693426901864,0.205532922492878,0.675015694240414,1.07758587319416,0.178227653254092,0.14281637638174,0.109442834528872,0.427077868956211,-0.120817793955077,-0.0571644850120453,0.0733132788094741,-0.187437999376333,0.223605363466362,0.0470335035158563,33.0,0
41791.0,-7.22273130585545,6.15577293013926,-10.8264598371575,4.1807791786876,-6.12355510135628,-3.11413648152623,-6.89511228298774,5.16151637665229,-2.51647653288733,-6.40337055173194,3.18605794805635,-6.85557098142662,-0.837722614772195,-8.03661487513855,0.956969643768367,-4.55719345408278,-7.65470424350142,-2.58841864362628,0.718555009324824,0.818859416826789,0.91270032192132,-0.630358133073199,0.190886662173033,-0.0612634320139128,0.379774656663009,-0.266845465234688,1.19369457713473,0.257468457389868,99.99,1
166028.0,-0.956390354534089,2.36159360978361,-3.17119460723168,1.9707587789256,0.474761353851904,-1.90259820435779,-0.055177812186404,0.277831228585655,-1.74585416512772,-2.5166280017922,0.874051625366684,-2.51310432869389,0.0215750823066827,-3.56511884467947,0.461153428310475,-2.01571274629308,-1.7314131905532,-0.465814727140309,0.527619755594392,0.19087690343816,0.4732110860249,0.719400298090367,0.122457847823505,-0.255649852132098,-0.619259299031992,-0.48427999484406,0.683534592892906,0.443299499267762,39.9,1
159197.0,2.01143177764437,0.0902190662347362,-1.61288284621444,0.337718579631917,0.399977706843208,-0.578660834131872,0.057197311353033,-0.0631912295726682,0.251837243225302,-0.211787100348309,1.30572658993841,0.80441409008027,-0.261868900502022,-0.590504567793751,-0.438334829506138,0.411829072743225,0.355750850314477,0.0657549249497572,0.204807638086698,-0.171105576364438,-0.297967210535742,-0.792347501273997,0.35903502885854,0.604595824451922,-0.333899521567293,0.148996611968005,-0.0643668810854232,-0.0399050437658717,1.29,0
129512.0,-1.53758444066202,1.28009100996168,-0.0800525724730066,-0.954728164548934,1.55418115748524,5.58723795592081,-3.91480644043088,-5.27683725113265,0.520300030947019,-0.795182545447338,-0.149307697173257,0.745841255998124,-0.359150113246183,0.603491085050949,1.72202434536559,0.177587536918793,0.0976627101403305,0.357371369945655,0.194122685496397,-0.0655006097851697,2.54770299644878,-1.04899487504789,-0.238385242434978,0.660309569148154,1.21189714915085,0.0286981194707546,0.299298190046119,0.239369246481229,13.35,0
129949.0,2.01182923652821,-0.159278387841857,-1.25871583116619,0.27010532621105,0.123207887641061,-0.481829497963879,0.0135449475569129,-0.0391231319712661,0.676007606520207,0.0669552530839356,0.726049892058882,0.753835149394165,-1.01295710944677,0.653987113784743,-0.627594049376967,-0.211756217654729,-0.427108457525929,-0.0639365229866564,0.53639162819458,-0.278391348859186,-0.205830837500833,-0.508956243765298,0.302746961596838,0.713593531763752,-0.101189627871297,-0.59238439684149,-0.0241847995720938,-0.0561291659424754,2.09,0
128595.0,-5.31377384241729,2.66427399774238,-4.25070701802015,0.394707094952515,-0.391383377283543,0.683526139774215,-5.13367100176311,-7.90778989157428,0.215474664930064,-2.29773425918487,1.96148093151336,-1.94444112769897,-0.69255896504056,-4.3463476308633,-1.72692923293524,-1.82040477188062,-3.74648955100281,-0.880399311360603,0.267914551538718,-2.64290184721809,8.66466242953635,-2.71638258812677,0.483559093855452,0.0792347976258407,0.311065240462952,0.555544234123026,0.176740004036668,0.362906575787496,1.0,1
51434.0,-1.41371927863353,-0.484431343170466,0.411232351561238,-1.72359967911149,0.748871051551081,-0.88547305595159,0.0039193841111253,0.170139907073557,-1.75478079518062,0.312721387383848,1.03985049177819,-0.228653125520959,-0.219544903647216,0.346241822868056,-0.609348410480151,0.948757623084459,0.126660341736758,-1.31196116300415,0.130588157408813,0.0331560509367563,0.381157421227405,0.808584070905777,-0.437937741677518,-0.250508957119048,0.0368363281044949,-0.300514307392515,-0.286940700148883,-0.284807186447376,15.0,0
8878.0,-2.6618021745564,5.8563932148043,-7.65361621324071,6.37974188053221,-0.0607121191362683,-3.13154973153662,-3.10356974550479,1.77849156945338,-3.83115371623455,-7.19160424618226,7.10298858788516,-9.92869994299538,-0.0674983775194601,-10.924186865147,-1.69791397714032,-2.37942098527078,-2.77511389701838,0.273798971252603,-1.38218756352589,0.399096860264863,0.734774950378595,-0.43590118187623,-0.384765904180568,-0.286015663843443,1.00793382365812,0.413195532462339,0.28028415690056,0.303936550639395,1.0,1
147212.0,2.091491033615,0.338045533680299,-2.54266196625346,0.470206033058659,0.953951675035504,-1.31682844425316,0.802867192560668,-0.521926833095937,-0.0224722972672608,-0.351149629278644,-0.397483006857178,0.419383985676404,0.668283956041881,-0.784175168071233,-0.262377554228788,-0.267191258100331,0.740242425422866,-0.309893377598228,-0.0318358604027582,-0.0906400345151462,0.0449440541628084,0.316965537391058,-0.0448022469203384,0.738599589156563,0.425906774061255,0.676055160182105,-0.101458021776227,-0.047608709241099,18.96,0
21662.0,-18.0185611876771,10.5586001882538,-24.6677412485732,11.7861803616399,-10.564656569212,-2.64568119936245,-18.02346767268,2.69365540308048,-6.21946362785238,-12.7447607871859,9.31813768535999,-13.3778574339457,1.02192386777466,-12.7843458873548,-0.451145843251939,-7.55136493140559,-11.3259968724596,-4.70125277749548,0.516317073274611,1.00770320533757,-2.31947946208034,0.908838783150801,1.35290370698024,-1.05922233762791,0.185750941504222,0.687037383632165,2.07808058379956,-1.42951702264525,1.0,1
58053.0,1.0954010635927,-0.533432811067365,1.16649121266674,1.45018316255688,-0.546506722624967,1.77587792342308,-1.11296288573405,0.555264435272652,1.82919950801535,-0.436288495792005,-2.53440610602288,0.288826013662636,-0.194589815735697,-1.09653053813741,-1.21643676077499,-0.390940554938612,0.0978620387357186,-0.180700230275507,0.338757563616759,-0.116653040326077,-0.119692255749358,0.137911354928482,-0.259400124963052,-1.27841284930419,0.654579168242816,-0.110601587763229,0.117285607325144,0.025266733510455,34.9,0
29531.0,-1.06067628419757,2.60857946990866,-2.97167900258071,4.36008935234848,3.73885304346426,-2.72839507263672,1.98761635466291,-0.357344707416169,-2.75753451251209,-2.33593332652232,2.11151686706104,-2.59194964968951,-1.9505893546741,-7.31157981735935,0.0777527657738322,2.29060783198994,6.50927165018434,2.56997142628646,-3.28615008214787,-0.0890615369649179,-0.0631678773494982,-0.207385284031508,-0.183260817119722,-0.103679373403096,0.896178353364318,0.407386872028391,-0.130918311231478,0.192177382137495,0.68,1
151088.0,-0.23318493390118,-1.18013212573691,2.88683347463709,-1.96492819882367,-1.92892436469522,1.39590051734374,-1.72102666447741,0.626267986175753,-0.69080622893847,0.543682474996253,-0.634513704437543,-0.252303154139843,0.108401327258076,-1.78504464689751,-2.53034014075443,-0.73573853482685,0.819614989630165,0.973145354429901,0.930881050988091,-0.245743008642716,-0.0605386118461815,0.63103169769447,-0.391985171785343,-0.43144095440244,0.486476510514618,0.244896118709828,0.0651975655626064,-0.0557264851578225,20.5,0
143147.0,2.34205868272383,-1.2700711897775,-1.85148672833798,-1.9308154402289,-0.466461288973969,-0.504531644495175,-0.718514463167008,-0.186686004844014,-1.77445902182787,1.85881186173652,-0.150203671738358,-1.04651902101773,-0.522598968042284,0.358083630245672,-0.373742735610987,-0.148064113412614,-0.0685256647827616,0.461314885679091,0.536867836275323,-0.449775874201244,-0.330227527411852,-0.634194721970711,0.158203691069759,-1.23072287784545,-0.116968296055214,-0.257569577179666,-0.0334838331220993,-0.0791364913009738,26.5,0
80210.0,1.13532151380585,0.142539767632473,0.122710771160044,0.474669725362096,-0.0030136319611658,-0.0784561808538612,-0.0680248202710453,0.101293496371189,-0.196013866003519,-0.168497563220977,1.5378110752664,0.845141755666506,0.0826290275457339,-0.0553443117244555,0.68492711645167,0.48875781272288,-0.0923709166624011,-0.124917413946658,-0.150267525294398,-0.0356542686148005,-0.213124757316947,-0.688959145628672,0.0797216605637443,-0.355196555358443,0.143186115538342,0.124495409562006,-0.0172260842521223,0.0188850375683712,32.0,0
154493.0,-7.38154698606367,-7.44901515872674,-4.6962865237175,3.72843914957409,6.19830434711234,-6.40626663445964,-5.83145156036761,1.45717491941563,-0.6462025802667,-4.02912871953916,2.52894302060173,-3.308721722205,-1.99200968898389,-5.75721608217278,-0.877323474271716,-1.54755182348258,-1.90901678581052,0.500567470429737,0.136722438174659,2.93275812573212,1.17657484784395,-0.978692051214679,-0.278330343454922,-0.635873793806618,0.123539440325404,0.404729308452323,0.704914653621431,-1.22999168169143,35.0,1
150949.0,-2.42353450165791,1.65909255408015,-3.07142054904521,2.58803264715889,1.13579116985916,-1.89238797008871,-2.58841817664644,-2.22659241059214,-1.67017275749754,-3.50892466189359,1.43932206570096,-1.95992749618623,0.767484552459954,-4.97811801438515,1.05856598037874,-0.99747745136418,-0.817261404200648,0.307797600356998,0.0284845308917937,0.35389820280921,-0.934126824870286,0.922037918088262,-0.180255030944776,-0.281719118183751,0.299285024105003,-0.263801330349534,0.150155943031014,0.292112166465648,9.29,1
136967.0,-0.779196488286296,0.921722229657323,-1.2152725030442,-2.41678014083045,-0.173780272050463,-1.02960240225342,-0.118618390180741,0.64569335041962,-1.15343475061493,0.136689451429382,-1.55068829859634,-0.773987552796704,0.161276874893906,0.437125821620888,-0.56614566551576,1.40583723559061,-0.0243876790513601,-1.00369489646349,-0.274613596658954,-0.0341059055359702,0.568347212428189,1.50655270830219,-0.0541229179458626,0.516683685725345,-0.555901094354426,-0.215547103090535,0.32231055184323,0.228864388668148,10.0,0
1899.0,-0.994431441854755,0.719532741000052,1.66260571015353,1.06734854257619,-0.360177415449854,1.54918256860228,-0.0903243272950356,0.829147924730173,-0.118647745337449,-0.792222108957813,-2.06832624023241,-0.327676906523977,0.0993474559792413,-0.0818416614119682,0.889557516264529,-0.108800106969249,0.0990333921489309,0.340292836312298,1.07017897716381,0.190339501300248,0.0284528577147162,-0.0004161620580698,-0.121228726586398,-1.34147588565293,0.367043959298808,-0.0953386416897305,-0.0082840092228741,0.0219239039899724,107.94,0
96135.0,-1.95293262584861,3.54138524292281,-1.31056140773257,5.95566359407,-1.00399266347247,0.983049267722507,-4.58723460197373,-4.89218360319852,-2.51675203271071,-2.85032390160027,2.02467408050134,-6.48774641306604,2.37646259977422,-2.24151634571345,-0.566869734947616,-3.93685691797738,-6.12719357199364,-2.32855196140235,1.56212955232854,1.96502978343686,-1.99809122812016,1.13370623369264,-0.041460872197789,-0.215378738296157,-0.865598577097396,0.212544577403768,0.532896738259478,0.357891632792824,18.96,1
153799.0,-1.44671610391577,0.0348915794197302,1.21816099233727,-0.208565190271253,1.44343669147612,-1.37594372781662,0.439610578928874,-0.216756820068466,-0.444386328943167,-0.53771574450754,-0.961203360774208,-0.0720329554855831,-0.0195264160329342,0.184456407682875,0.165162135620428,-0.290563456222873,-0.153953702439825,-0.622581531868141,0.772523062175835,-0.171015804164021,-0.330489461380148,-0.884086200341778,-0.454305656713039,-0.068956396612084,0.411735741502385,0.408782937867312,-0.0127873039130597,-0.0113324285007519,21.03,0
125832.0,1.73282471579258,-1.32096899109068,-3.26056794931549,-0.636319426747612,0.720474004567226,-0.364862909842223,0.831744770823637,-0.496823601247037,-1.45146023084609,1.05727890809409,-0.216733139759314,0.302601005404919,0.595446560400485,0.793406026252717,-0.974620900230889,-1.73478023551452,-0.486622202738628,1.48849616578455,-0.05644860681936,0.0565470086113005,0.0532932885948613,0.0860836590498713,-0.463766716639909,-0.251234985363325,0.542223748378623,1.00009983461707,-0.184707422816183,-0.0540738766663574,302.3,0
41305.0,-12.9809425647533,6.72050777097643,-13.4556359425571,8.69861009281133,-11.4795517833437,-2.68151865053833,-14.0192907576919,8.21819051252864,-7.93089996826719,-12.6959474039839,5.58936163192341,-11.9608660326622,1.53867076186333,-9.88721406724695,0.6339792179337,-11.3502438549644,-21.7101876525534,-8.85945192496352,3.62971365041526,-0.84330261969681,2.54962823474498,-0.532227763596568,-0.235096473604284,0.673209169467055,0.22659797207791,-0.0061678581900246,-1.18569550568181,-0.747361321404312,59.68,1
61108.0,-2.7560071191969,0.68382137690334,-1.39016888269883,1.50188726081003,-1.165614355805,-0.13120694925796,-1.47874061646082,-0.246921578045176,-0.100522731731488,-2.30110989675506,1.91445404493049,-3.8309980112302,0.719488566785256,-6.35301985790071,1.43871619241123,-3.29723907467834,-4.86297149937169,-2.00235399924327,1.54523326964355,-0.106944639579729,0.320473875601072,0.61102668559867,0.174863684107414,-0.502151101117601,-0.174712784335661,1.17924208342707,-1.16631532833921,0.821214803121569,101.5,1
11080.0,-2.12548982597957,5.97355569173344,-11.0347272274446,9.00714687170235,-1.68945053397167,-2.85441528535313,-7.81044074525876,2.03086994595841,-5.90282812214984,-12.8409338181318,12.0189131816199,-17.7691434633638,-0.431035658230095,-19.2143254902614,-0.962464574748091,-10.2666091836641,-15.5033921000669,-5.49492764246329,-0.410480977392724,1.49377464554928,1.6465182926595,-0.278484510810644,-0.664841293974353,-1.16455536944202,1.70179641354046,0.69080561470369,2.11974873337031,1.10893340333617,1.0,1
48134.0,1.34256359274711,-0.158335153132416,-0.114052788172823,-0.57565054188082,0.0944203045337708,0.291593204039962,-0.339512344468767,0.093838276586642,0.263819968783593,-0.0439224931420598,-0.0856189348143482,0.303309474899603,0.27685291589258,0.239454615593965,0.686938169253609,1.11125749995309,-1.23843801859417,0.651285148329029,0.96659337795661,0.0176718396023812,-0.190649978207954,-0.590203044256458,-0.136841910115848,-1.33795767181155,0.311987163877353,0.993256804834417,-0.0792073985429856,-0.0166476406302988,12.29,0
63416.0,-3.51049104043239,-4.21478939184768,2.75236323909171,-0.422254187290919,2.15245244995319,-2.12163379383638,-2.35753680525032,0.497671109153765,-0.442746924704896,-0.265223275974536,-0.424181274370669,0.275385340515342,0.729396418984649,-0.992389599706482,-0.982254145669787,0.412651286161468,0.879676297413093,-1.93775602424114,-0.088051343138178,1.32958816667423,0.493889856055514,0.229195429161736,0.797519355012623,0.421096220898708,0.526197580604928,-0.328404250923324,-0.0893566282422222,0.151338806559214,144.84,0
88614.0,-0.584693347979717,1.2441005466941,-0.690252409864118,-0.249935816663408,1.00252906565258,-0.881175825962015,0.857759635615885,0.216281097778327,-0.734483831015584,-1.31549734554743,-0.935766168537404,-0.302379134921305,-0.142717548841249,-0.634929503245775,-0.0404847679177089,0.126772568228297,0.950037601278266,0.120602044711067,0.42317952149943,-0.0500631719804857,-0.0920250940849718,-0.413668136618341,-0.0746249159780625,0.495936145780934,-0.281177626906111,0.367262037085431,-0.0284182250732684,0.0986701032920201,17.5,0
147818.0,-0.886566670940318,0.699042522079849,1.37321182942612,2.95640505089983,1.78397565073143,1.82747106094166,0.960332803351122,0.122288022320279,-1.40330499398431,0.876755573354196,-0.861373488474209,0.360871189800661,0.570860753404818,-0.721654670488682,-3.15522335215617,0.347412889709022,-0.800640481675561,-0.161762132943585,0.320538584229294,0.102451233278411,-0.434568383237262,-1.02035538941165,-0.248823454771296,-0.376070108111955,0.865253826556553,-0.0766408434648831,-0.362778595479221,-0.233701575608787,76.94,0
48516.0,1.18158670026587,0.251615559948883,0.76087402417421,1.19735822247995,-0.709371309655671,-1.05027560625259,-5.60387028289027e-05,-0.115690489423924,0.211352728109804,-0.0115878328334377,-0.173838752949858,-0.0798534641229137,-0.901263799763862,0.499500720494577,1.15060826848405,0.240911868471813,-0.330931306083134,-0.342784837276888,-0.402231086225111,-0.190182869658909,-0.262344756433321,-0.835185118161262,0.191537012363779,0.626589456893867,0.209204280712541,-0.710918793828565,0.0228088595265914,0.0355810642032422,12.0,0
31303.0,1.18805031858337,-0.0318081334341202,0.0453950287349484,-0.0741541187514567,-0.229009839508868,-0.675143824357295,0.146535470699952,-0.163903505845561,-0.287443974514551,0.0077581380657732,1.30811504195532,1.13993732527813,0.727636111319162,0.381516374403912,0.24505241385487,0.45488146140626,-0.677694949728226,-0.11657565246463,0.476227021879887,0.0893309624786087,-0.106083919464822,-0.419071317230614,-0.0440244098352067,0.0866470390659032,0.286410206920713,0.879744415765564,-0.101160789966764,-0.0017724626064953,52.7,0
14504.0,-0.307783738211988,1.29286455678085,1.2344368679437,0.132866953226044,0.470366033049143,-0.614225531016938,0.6673661059625,-0.176978238058843,0.771162454650078,-0.910101992531359,0.432216719734024,-2.21153575114728,2.88735541524383,0.76762130782109,0.0824932830093071,0.460864684911252,0.486682553690475,0.183059309939809,-0.0986498162543745,0.156492197572353,-0.436916916518865,-0.890298091922832,-0.0806404085163591,-0.236861286559507,-0.0766652722367104,0.0631446587031715,0.224695486694584,0.0888782993946107,2.69,0
169142.0,-1.92788332105459,1.12565266367046,-4.51833064132991,1.74929253346589,-1.56648729197754,-2.01049423115212,-0.882849830858081,0.697211109261327,-2.0649452874475,-5.58779378195338,2.1157951772133,-5.4174240819973,-1.23512263142388,-6.66517689463338,0.401700686738171,-2.89782511671737,-4.57052943365069,-1.31514721385427,0.391167040935071,1.25296673470361,0.778583978950071,-0.319188818860513,0.639418961153121,-0.294885040380029,0.537502535542985,0.788395056528708,0.292679966295281,0.147967928722538,390.0,1
67500.0,-0.980009188307869,-0.139181786113265,3.22553230598715,-1.50094983670214,-1.36913609443099,0.380778678841699,-0.642524827535673,0.311296706929563,0.281922873076705,0.374570833548577,0.55422586302907,0.0175582555702993,-0.719273185758859,-1.55900562419465,-2.56655981551287,0.754683143659181,0.410566242241914,-0.839830388302588,0.654395121981179,0.351922318981699,0.117261617534239,0.901591738924265,-0.416816580184499,0.589788925933974,0.504718580164761,-0.16508947191958,0.284242556324286,-0.0392382518430019,6.6,0
76826.0,-6.61629292560656,3.56342789803106,-7.05890129814843,4.28434595524384,-5.09629887292392,-1.76861780360559,-4.93755412732933,2.74845954534783,-3.79675959454545,-6.8254901042394,3.25959475409854,-6.94389061823948,0.43597516308899,-6.94701030902337,1.01100406527995,-6.16683742461485,-10.564346602529,-4.01018815310236,2.14350179519978,-0.54163415582255,1.21597610572025,0.0411777442210425,-1.05909770217904,0.275662062254882,0.057424927985318,-0.265838484019501,-0.514636936427821,0.388590269335523,254.76,1
145878.0,1.91976085504489,0.358499901896443,-0.065436992219479,3.60422740361203,0.146701609685519,0.666412694355034,-0.496643125000644,0.167188257211599,-0.484556505696517,1.42897152295056,-1.48652043812375,-0.349357960375658,0.382028125918099,-0.155305890974771,-0.0204630731159607,1.51093743727754,-1.2363067928521,0.239176372373657,-1.76093045997,-0.232054545181031,0.168056922779007,0.500794669052921,0.208016939560013,0.44205646608175,-0.214347131758431,-0.01990399788631,0.0051356802701099,-0.0268953152068088,0.76,0
171421.0,0.158521364171227,0.883701843651683,0.15768318616393,0.0648092716233501,1.11149733746924,-0.303518709617915,1.11575174948279,-0.29412711034076,-0.478723783571524,0.168897316932779,0.814156490035141,0.451808065362238,-0.103656668705557,0.299827367840032,-0.545579721938903,0.118807081570811,-1.11904315680996,0.596573203972956,-0.545967375812028,-0.141169963929094,0.338505730942819,1.09036214880912,-0.267946026958748,0.764589807368335,0.0476946750629462,-0.597182966080337,-0.265631643439625,-0.224562326685647,1.0,0
133731.0,1.17663267315551,3.14191813880044,-6.14044483643302,5.5218205893507,1.76851488910857,-1.72718569844821,-0.932428910444584,0.292796545267059,-3.15682655843537,-3.89824038104731,4.77672033006624,-4.15249885001879,-0.472990802974345,-10.2588514782991,-0.533455591604466,0.458138563036142,0.167601789076859,1.4043108943267,-1.87401526330162,0.329567972643983,0.1293716296303,-0.803020814325114,-0.0740983557012839,-0.0310844052836625,0.375366225335466,0.0658967838964971,0.488257738746484,0.325871630319106,0.0,1
141565.0,0.1149650477972,0.76676154669164,-0.494132199415659,0.116771978233793,0.86816853524791,-0.477982006349535,0.438495665220681,0.0630733402552484,-0.186207089214194,-0.159325098707444,1.20030360709416,0.281744446861465,-0.623844030466212,-0.658246292064356,-0.155888356613225,0.0562273489244218,0.653662125212474,0.33465531172159,1.02892683645358,0.0621985703923592,-0.284412898740297,-0.706865471630836,0.131404855625717,0.600742122018719,-0.604264275304309,0.26293785502267,0.0991446312768992,0.0108097183119463,4.49,1
93853.0,-5.83919161928092,7.1515323543223,-12.8167600806187,7.03111476501099,-9.6512721679897,-2.93842725771624,-11.5432071690832,4.84362653179436,-3.49427572506535,-13.3207888671784,8.46024444901677,-17.003289445516,0.101556614891384,-14.094451660329,0.747030766392512,-12.6616957230679,-18.9124938172188,-6.62697484523061,4.00892074227194,0.0556838813863639,2.46205591127559,1.05486518382957,0.530480596078193,0.472669814042592,-0.275997967880675,0.282435024801752,0.104886020210564,0.254417096767513,316.06,1
151377.0,-1.07679856962982,1.18949919426491,0.390406013945553,1.05306586144291,0.824404276463248,-0.891518812973186,0.981899098182795,0.171808127864618,-1.17359278618217,-0.632707056551981,-1.21110540794647,-0.193429667382002,-0.529311151319644,0.900507136160186,-0.116227643520349,-1.08095904863559,0.487079388323249,-0.276815176958047,0.911125466003106,-0.0190547375939073,0.131364701855666,0.253273059487625,-0.545237088516426,0.0039861215401402,1.12021833429374,-0.18578591544356,-0.077772576447144,-0.069444408194204,14.8,0
62622.0,0.939263416283521,-0.109287298837858,0.290744785821533,1.48034225177119,-0.192961801579738,-0.119421652700399,0.276292650095698,-0.0897391418801092,0.159169378207742,-0.202082067757013,-0.401958980078942,0.948673878342846,0.66861573974991,-0.0627438593270136,-0.16469043557744,-0.744239729870336,0.222558769443807,-1.04978305994552,-0.410344136092181,0.097980812148538,-0.0219496514508838,-0.0543704392502642,-0.174451427938078,0.122196101429337,0.646605670891871,-0.327901048991203,0.0228574254890051,0.038090329292719,125.42,0
50134.0,-2.60796809834178,2.26707383348303,0.604731769081505,-0.361050972440982,-0.394300354544631,-0.0446829646853543,0.303449408384296,0.174507195611103,1.24599243058423,1.98699685834469,0.640931840654039,0.998611185681855,0.258812660345841,-0.793999481479274,-1.2353380802575,-0.442437210701933,-0.381368310458849,0.0401746265670616,0.646484221437335,0.570303550343026,-0.131812223417387,0.364420707037244,-0.192527451716702,0.0389049019623567,0.0109686628978881,0.178516113817915,-1.24584967463742,-0.884247870777598,2.31,0
134766.0,-0.0796525365521887,3.22201046223725,-3.7242013893074,6.03734512826846,0.583394746331946,-0.691346179707007,-1.79988483348006,-2.62778128431688,-4.00133786259094,-2.27152578398956,1.51389817939856,-3.68294346446482,0.185830426148668,-4.69278763834241,0.247495674947084,-2.68188105082889,-2.28614467887841,-1.04884490280911,0.994829500437418,1.1985372847387,-0.664694294683722,1.13855644649209,-0.350753364122197,-0.287467300585566,0.808889022979463,0.823961705381379,0.668496565754242,0.595609828713858,1.0,1
71373.0,1.25711491261787,-0.0002199379866521,0.745967752553365,0.0149975412225583,-0.930745002273661,-1.21228240820492,-0.179059859363081,-0.204408905402607,0.330909395165664,-0.221985823902143,0.113972172509604,0.479436591611204,0.34938683332364,0.0949224602766427,1.1968336065556,0.29736032853766,-0.260244725118618,-0.560013461464666,-0.0975060084843629,-0.0553841424428729,-0.108198655924361,-0.289980412920943,0.132270729046302,0.769269457302643,0.0823724202215594,0.883619504567318,-0.0687196733110464,0.0135238730722552,3.84,0
59532.0,0.0899095755400083,0.0083540761103252,0.912148840872703,-0.965620761200104,-0.233725429931126,-0.284683207853158,-0.0446717849739979,0.0423183421531998,-1.65869788870246,0.652200737872322,1.59039368731094,0.205912667927106,0.563117300205488,0.0220018761785255,0.138448958931321,0.586071417560409,0.461120400689689,-1.30219711164883,1.25779402282181,0.214457682661699,0.306265638877379,0.806353947547423,0.240438462652228,0.0290751698243345,-1.33861672597158,-0.468905892105843,0.264182987791147,0.234531672563265,23.0,0
159424.0,1.77062155449198,-0.73496076417937,-0.842439080062873,0.0515866436454466,-0.135814191421865,0.360022453350176,-0.373623680988968,0.0788714304109229,0.630316107287742,0.0742368347001196,0.516382892799812,1.38331515038534,1.19031251966788,-0.0827344809422958,-0.190451724925781,0.789013147396339,-1.05653808308392,0.135264687500996,0.457863187019465,0.19512203466327,-0.169763166574861,-0.698847523837343,0.262515165217314,0.111883690888127,-0.586874446491131,0.201341707739544,-0.0665398194632484,-0.0286678313224519,136.0,0
18994.0,0.898614274555906,0.0338961928217827,-0.0832970050956021,1.25632616930286,0.554091347766426,0.702342332742405,0.155668231625311,0.196359735713541,1.16075853070591,-0.518258784764837,1.60634195106108,-2.52549252463935,0.16604677391442,2.42801187132929,1.16978778849113,-1.53234065001431,1.82223449304873,-1.96337314823919,-2.14918476797647,-0.252496771398726,0.0315107779491862,0.278743282855173,-0.0273367871876948,-0.708803342555397,0.393031704787292,-0.231544652581981,0.0116329946469164,0.0055791010722317,89.99,0
63322.0,1.09574759365319,-0.291998470715872,-1.25986603364436,0.335419433465819,2.10090750858174,3.63806386573814,-0.324004174019469,0.826643515285666,0.162241425849363,-0.0586729488008763,-0.541091325310213,0.239701461125508,-0.207354005390744,0.211119896128419,-0.140246926808068,-0.0898584357948432,-0.508260630718865,-0.0585558941602353,0.335866637643759,0.137861098548481,-0.130873876460603,-0.526594080487179,-0.203057236836423,1.01432788080577,0.86135561891745,-0.335879874830915,0.0089501920049848,0.0275607622987699,95.14,0
135314.0,-3.15898973247843,1.7654516187093,-3.39016804993175,0.9874099790721,-1.50993036564483,-1.28095213137771,-2.71955696702151,0.718324816575686,-1.66018323527908,-3.8410981507899,3.28282460993431,-3.90687694585664,0.951367704021229,-4.89818303490097,-0.551999608913709,-4.78744841664753,-9.33432947229458,-2.58024865554763,1.50157346167502,-0.0225898632000452,1.12053278888547,1.60508518555367,-0.618637378199115,-0.251282996939273,-0.240527821958069,-0.0043267561942135,-0.2354773111409,0.0181292220019296,84.28,1
136068.0,-0.613517773715867,-0.774068708287915,1.85340067334165,0.630396549455607,0.167018958399018,0.721567877046274,-0.225830113351361,0.2075759062905,1.47573198278688,-0.563587808722992,-2.3730307147362,-0.0290276709867411,0.0847789940601143,-1.17495385753279,-0.986800440974462,0.256067797550823,-0.870773959422604,0.726103951590445,-0.467562968963074,0.258859901216048,0.352208073993449,1.20537443316933,0.229732762843103,-0.783960079075484,-0.967976091489947,-0.688697769851317,0.146306237171407,0.0684823415848753,118.32,0
81093.0,-0.308471970182571,1.04530218627027,1.0469832325763,-0.0533703364340655,0.202096659554239,-0.693306618607374,0.649797924990654,0.0109486937118842,-0.22407808003921,-0.487015959032126,-0.844208360039966,-0.732487718666899,-0.681427615723588,-0.283359750443991,1.03133780476402,0.581621928174564,-0.135902406809451,0.147289228896547,0.116672715748714,0.0799161348930999,-0.307738597086778,-0.861483187526577,-0.0640422738211382,-0.22899954430745,-0.118042977622219,0.108098889854015,0.238143487291548,0.0911232872263775,5.99,0
128802.0,2.2851162463322,-1.66789863346922,-2.02329030904018,-2.5973902443622,0.949081079665167,3.61095807708693,-1.90285501490692,0.895140250963713,-1.19991970921767,1.57362373538046,-0.242311586137507,-0.703869679617599,0.381398263413041,-0.367280007666704,0.336048049595001,-0.520381712407749,0.352065460358655,-0.127555415871571,-0.342243964133515,-0.376407434827358,-0.151465797485691,0.0088870458180219,0.307961779251223,0.68341017777018,-0.239638237824057,-0.154516845824211,0.0485217731530016,-0.0526544780209042,4.8,0
28242.0,-2.78724793061533,-0.0713403777285035,-1.50528777523306,3.36177713733967,-3.35742166883665,0.565834734346537,0.303653111125521,0.966914484943676,-2.24588195188782,-3.65142656863483,0.987277021963291,-3.83478156926117,-0.961354142524746,-3.18216808481143,-1.1260022842247,-2.95430081252595,-5.84121800175148,-2.91043029785417,-1.15585017273094,1.60739677185147,0.882940442444742,-0.246201930041865,1.75222678458672,0.219924964544368,0.15628169505776,-0.265894317684036,0.220694023253282,0.256076869786525,730.86,1
92788.0,-1.05428098566402,0.273845246172641,1.53697555805438,4.67311643754974,-0.81561019582468,2.05226183102779,1.4578339501089,0.135190684196052,-0.907935579831947,0.941887775061909,1.44029349406384,-2.36888762102475,2.88511435838309,1.45740863379934,-0.212843668736556,0.519842342832406,0.248377476007211,1.47810864122396,0.875840587292041,1.39128921311473,0.394581820197044,0.77026920477317,0.852167384722187,-0.485520814086045,-0.228088547692828,0.422986547973031,0.263194243623699,0.248635777272214,460.82,0
162848.0,-1.83255220188248,-0.655433010406284,-2.26985525974387,-1.40662614768072,0.551222491150001,0.967542283412835,3.39352116254518,0.292230722884003,-0.990247720457125,-1.82440358156673,0.283522400450053,0.143827637863585,-1.40438322461179,1.6105533490761,-0.970580419672935,-0.941586365607885,-0.101015898137091,-0.649838184208074,-1.8401069907249,0.722150650416537,0.886939325003425,1.45583422986775,0.831855470006287,-1.67622939067094,0.775296354429881,-0.364223848389197,-0.197485514897672,0.0628717530855099,591.17,0
45996.0,-4.00669332463166,-2.05529168391975,0.391214892491104,-2.49180030864647,-1.17544260837423,-0.846486185251217,-0.0682315881241626,0.417471312093562,-0.0148494760304367,-1.19982544096918,-0.61243517801306,0.894607996543752,1.15986366569975,-0.0980847274250604,0.675759521495393,-1.7650755035364,0.434233290124982,0.754932772373752,-0.70756267572249,-1.96997484221809,-0.634786884350051,-0.0931297084280853,0.793641473868185,0.169132150810485,0.747510694262568,-0.0234242509859708,-0.111636590458022,-0.29608508708935,170.15,0
156065.0,-0.119518896179668,0.415116139703453,-1.78903044220549,-1.82362941897726,3.47171723941346,2.96464820455344,0.32230935735778,0.828672460256214,-0.0888429050948678,-0.98691564240897,0.0160176060961017,-0.11512738907098,-0.471324288198232,-0.754059778267245,-0.252482820542195,0.406642708991256,0.106487042251953,-0.421488402733279,-0.944721525119375,-0.169797448691582,-0.208519080381164,-0.756669219505634,0.220119108884462,0.590655216622497,-0.912454829247024,-0.0407251127074354,-0.0623716171922462,0.162686168747019,1.98,0
153510.0,-0.520291213479522,0.735569495815441,0.0742314616838532,-0.740349125300555,1.78943203014634,0.688075603579492,0.735944734350488,0.349067107485524,-0.348127551313449,-1.30586759057276,-0.144922855429239,-0.285223122432906,-0.710047039784673,-0.705443044147846,0.70487713674292,-0.67617754098986,1.37001151194038,-1.52171462416656,-1.14587843351541,-0.151086736124589,-0.181706943091301,-0.478037511282265,0.0681739212586946,-0.454799347871883,-0.604605006890246,0.243695931916966,0.124679105116844,0.164631989779745,3.74,0
80783.0,-1.4836198577268,0.487481844664075,2.50546882455887,3.24225730419773,-0.203711487272813,2.92722390162608,-0.89137594693823,1.49588665402184,-0.178031885107364,-0.0859690431699648,-0.805890976822929,0.302034505381855,-0.841739009445,-0.382307682499448,-0.307839957746435,-2.07375930973943,2.34687594502294,-2.17294791180142,0.0585463587594405,0.190454618188814,-0.0753709481309757,0.105617947835998,0.108278335155261,-0.963742613845114,-0.120705892860819,0.371074098642266,0.318113095677994,0.0325558499941284,65.07,0
41194.0,-7.89688615307576,5.38101952251685,-8.45116161458266,7.96392808742307,-7.86241943013129,-2.37681997521459,-11.9497234569249,5.05135567269165,-6.91207600938549,-11.589748311433,6.64520072606617,-13.542095596465,0.888247918839909,-12.623316046432,1.00275519562895,-12.4322791426353,-23.2415971479491,-8.49529893803197,3.45394255518458,0.645974321869431,2.55794395644985,0.926277883497588,0.0327949396062788,0.638072585685807,0.361887213739485,0.444576520477986,1.10192314818996,0.205958012508108,1.52,1
133861.0,-1.2562151584692,-0.289979529183619,0.776006025846917,-1.75747005280049,0.197241069221931,-0.568932197920586,-0.42163462795383,0.608062203731242,0.626226410539287,-1.45729556077223,-1.48134404743203,-0.515002280898818,-0.877212410166961,0.392983155897311,1.00031304540805,0.448927129974852,-0.422079858390394,0.486768110725558,0.0184051550372061,0.0527668136408923,0.327786717083861,0.511769342865295,-0.166831745055619,0.460663490810047,-0.171607388075296,0.691522120568777,-0.0527367991833299,-0.052010544383798,28.5,0
75473.0,-1.72315881562759,2.18110055117648,0.255516498070087,-0.0204070100537494,-0.6581785585023,-1.11534891024868,0.0414629385875096,0.753391017425801,-0.304006242364104,-0.0646995868481641,-0.276640492134051,0.78422808441202,1.21272697193601,-0.200257375435067,0.759168130201632,0.525163318050557,0.261105641095224,-0.229482883048485,-0.196362158484278,0.33189270047297,-0.262376313520101,-0.704303404357015,0.0869318491293235,0.344703033146633,0.0688433040862688,0.0869540377335734,0.329767677559807,0.143149831811346,9.56,0
93742.0,-3.29112509261551,4.4011941515981,-8.39421162258901,4.45357956949695,-4.79005451824953,-4.24018208232724,-9.21900099642753,1.97402995723142,-2.91294270907847,-13.540168238225,9.41303953977606,-18.0475965708216,-0.728186553999085,-15.3930448312636,0.3494850489774,-13.30388757707,-21.2979057823155,-7.26231079476482,2.27422550991903,1.4908691418867,2.10234346771868,0.597370314627801,-0.328086184026121,0.445752402449364,0.585280580866405,-0.399005421878678,2.11600444233121,1.05074380386505,1.0,1
119576.0,-0.164135998871209,-0.123955045299557,0.651508061420755,-0.615477345157338,0.62498676441029,1.42940983573499,-0.32172890365865,0.623857014195159,0.884429402186571,-0.615521351885592,-0.562765770361888,-0.182752704550275,-1.06429177328719,-0.0646214801200214,1.04682345274284,-0.875382317710606,0.593105649199079,-1.64208435524479,-2.00239224133035,-0.40001381751666,0.407875619849118,1.40138632630829,0.112392569517852,-1.42730533961976,-1.11923653751784,0.60773516505623,0.0070194573075834,0.0564559055160441,18.99,0
119721.0,-2.53676405522301,-2.84349152162381,2.09424352699697,3.09056708537878,3.36840099614159,-0.757548188054474,-1.76910107110901,0.550190985944779,0.286378300443562,0.655067197703941,-2.27528060324321,-0.25345883089597,-0.39614200914069,-0.963527021235016,-2.59630098312678,1.25874468384665,-1.25177323582883,-0.0496179741464488,-2.78020993571903,0.63584751114775,0.364876560038189,0.281157402156404,0.932501560603573,0.520282191741504,-1.27147378807836,-0.587146526428947,-0.0058872176786702,0.14389104802459,72.6,0
35585.0,-2.01900071938148,1.49126972926361,0.0052218157286719,0.817253270463702,0.973252233873376,-0.639268312778292,-0.974072997078786,-3.14692889107659,-0.0031590736890201,-0.121653217684609,0.0243696057661544,-1.07381224038496,-2.00276910919169,-0.895433620751722,1.74893630108012,-0.103527023620705,2.03119574973193,0.31759835677742,0.38676063692414,-1.02996468249782,2.83959610796444,-1.18544284096841,-0.142811875801854,-0.0861029384113329,-0.329113253522425,0.523601226377288,0.626282771397878,0.152439938058669,0.76,1
171372.0,2.14900977437399,-1.99889297049104,0.0230116624832258,-1.2954083830544,-1.99568622335004,0.34491318110085,-1.97110647612125,0.148708972255031,0.0271790871632401,1.28925975519844,-2.22997353080615,-0.725042850277102,0.461134692628222,-1.38488198755549,-1.12065236998657,-0.380991338789091,0.493887277911031,0.302457974454387,0.308241628690511,-0.327598929912124,-0.238417139421019,-0.0348535568823917,0.174722515579778,-0.723456662990563,-0.378239654186517,-0.149386935780121,0.0752765544008978,-0.0294633176662625,66.0,0
60353.0,-3.97521647515777,0.581573270980264,-1.88037210743636,4.31924127992395,-3.02432976021596,1.24079277107972,-1.90955892631241,0.660717557074542,-2.7526105653686,-3.55038539904852,4.83896418696128,-6.04023537903875,-0.374460483695606,-6.22194535944177,0.958758443736388,-5.07364263456328,-10.441008666182,-3.75552460094433,0.606452965011177,-0.656511434265513,0.578984295739867,1.39731081981072,1.04532195036713,-0.303999869268857,0.0052949592507338,0.235435243641064,0.962014797484666,-0.67355739317081,454.82,1
78323.0,1.16102372483626,-0.453440471186524,0.851602252730139,-0.0220791195771848,-0.955556244987297,-0.135460046571959,-0.61339343645936,0.0982593993723964,0.959457295925615,-0.400443850094627,-0.436550443950052,0.470627569731986,0.0392147352973683,-0.362145213383802,0.412577185055707,-0.243308191689354,0.292023384477003,-0.864244226876154,-0.105486635755898,-0.04141699388934,0.0608978674371692,0.381578378939872,-0.0468141869747789,0.201264801617016,0.189632580639895,1.55977111700799,-0.060751483944432,0.0034146353392724,29.9,0
34404.0,-0.836895733798617,0.285336872881923,1.68835621183622,0.25502106655852,-0.0236628637959735,-0.51859725049189,1.15906099985892,-0.265825595982081,0.0046645996175178,-0.362475329471615,-0.689680499389149,0.213380571551124,0.209115091641054,-0.440966204709946,-0.412712273278717,-0.499497026066032,-0.0714479636697889,-0.543966618415893,0.362903834795544,0.519377280164093,-0.141627186665521,-0.244430930809112,0.140130076671258,0.411673199218211,0.0312853156461416,0.20587507678063,0.105641552766564,-0.0346754380964931,129.21,0
146947.0,1.89518593173357,0.306456586499518,-0.0564831748566821,3.69474410321719,0.0984828227001782,0.57375822315195,-0.405698969378523,0.060992548003726,-0.45309364018866,1.37406955146918,-1.79454367172849,0.0405616296938517,1.2101630744368,-0.425111479479355,-0.443882166022269,1.4017311193751,-1.28682087006128,0.246658061563359,-1.58688917502273,-0.164950308960255,0.233852285805166,0.793842618965652,0.0304024642089372,-0.64066413011806,-0.052058137946818,0.138017609347769,0.0143393424968971,-0.0352758267930688,19.95,0
52790.0,-0.806660325054326,1.00686984904641,1.50680871441936,1.37699282776051,0.450775625857446,1.01844688388189,1.31797127543378,-0.484265388931121,-0.0403581848783501,0.664215156409321,-0.9411470000784,-0.139055883778005,0.518187360076008,-0.646681984813935,0.829353339559962,-1.40777111017789,0.347685703358067,-0.480673770600315,1.79067942892149,0.271204683376013,-0.246771048787335,0.0625321530070673,-0.53764701091672,-0.715426466469534,0.462743401140209,-0.0491546819438367,-0.268727345270284,-0.330541655436158,109.99,0
54057.0,-1.17357144109391,1.43338202186554,1.19695723476121,1.21494804937545,-0.982757263523436,-0.650195163555025,-0.216408568801909,0.83980577908802,-0.366237313769534,-0.754311041927401,-0.988863268899718,0.0951492585229347,-0.939429462245011,0.703912192866024,-0.0285124172749336,-0.486017429839069,0.694643051905159,-0.206962598511257,0.758242122771037,-0.315457369441473,-0.0376118682600809,-0.287307569351467,0.0525236973063153,0.683694789707836,-0.227954876053715,-0.515279440900471,-0.21954248956085,0.0069648126698567,5.23,0
160763.0,2.0211702869573,0.171539673653981,-1.58671430320068,0.337452438550014,0.451805515796783,-0.645531916270682,0.137839442545687,-0.145113461989848,0.104648715735441,-0.23185944985589,1.43008595883739,1.30776813237096,0.718907692075912,-0.790459939506849,-0.593775917881724,0.421863059756805,0.246683762987843,0.0316432637322245,0.266861672088008,-0.103246802840418,-0.292255565793765,-0.733985462919507,0.342021092801071,0.690896144112081,-0.286771204541481,0.140081271443488,-0.0610565815364587,-0.0372231980311905,0.89,0
166883.0,2.09190018751563,-0.757459362256544,-1.19225763407193,-0.755458092963448,-0.620323625943217,-0.322077026663935,-1.08251065680614,0.117199961876445,-0.140926651717943,0.24931080342673,1.33831754595819,-0.329759339656804,-0.363591188943619,-1.82483910494673,-0.229678513727838,1.84234692345975,1.19421171382239,0.0374666576390236,0.423099369076423,0.0374375437836754,0.288252720367131,0.831939310447442,0.142006990607899,0.592614974257539,-0.196143145198634,-0.136676262268618,0.0201823653167864,-0.0154697051692816,19.95,1
142409.0,-1.17218291948653,1.66171286952217,-3.04963701906308,2.55505843390024,3.66903461419474,-3.16299837227475,-5.98564011625334,-2.17993523861597,-1.12029227657092,-3.07555830950402,0.997448763245357,-3.19191476820242,-1.51485677577243,-4.2672960668817,-0.159553975172285,-2.91646262843242,-2.81990611139418,-1.41723080093652,0.32519494288717,0.548106363466502,-0.812097797287015,-0.295360725931063,-5.98880644277407,0.714380801225346,-1.60002359150788,-0.634782934267927,0.822713228036362,0.494375178430933,2.0,1
14422.0,-1.26227012184717,0.371330451416721,2.16961086740622,-0.66360630805709,-0.37746113204134,-0.781737055398854,0.294178139265221,-0.264428959585702,1.80841076129744,-1.11653693059002,0.495243707097597,-1.73587096169135,2.53476560758757,0.603771911993739,-1.39562978224602,0.0205561515763519,0.425060821534753,-0.23385889431206,-0.751745830846369,-0.36529740293874,-0.012214516916546,0.545643852107173,0.125003564555109,0.77380742941313,-0.184077707221122,0.893536750240105,-0.294556431452117,0.101074186806677,24.89,0
166093.0,-2.54393311911465,2.78395686154948,-1.24865068432954,-0.633723997519105,-0.590717766908788,0.0027913061040112,-1.99128665816975,-5.17027776379433,-0.207760119575075,-0.747502123905551,-1.21301109672964,1.15120056569333,0.167322457220697,1.08470429867618,-0.596356215401472,0.229677436938401,0.335071002473085,-0.727531607545228,-0.377518729031792,-0.348273205874152,1.67414402060794,-1.17543099096774,0.943109976744594,-0.0940312737562323,-0.455798670165586,0.120678655634423,-0.285288244199466,0.0212727623817382,1.98,0
152673.0,1.14318577389756,-1.74989892910373,-3.42064711090826,-0.442704106414814,0.384360265820843,-1.51152882479203,1.81218368225341,-0.930419200151911,0.141753368639673,-0.5035142022015,-1.01538024820699,0.833432472048312,1.41293522378782,0.651146241827983,0.0213492705777109,-0.878556145359986,-0.251048546064901,-0.571478642158151,0.611864729112891,1.04648015015057,0.571202048966061,0.65988466244363,-0.784551655413561,-0.448285470101561,0.561386084248966,1.04707349642345,-0.247584450301179,-0.0059656599052056,572.34,0
168672.0,-0.822209041437757,0.832951572074477,1.19170280425288,-1.27459340360503,1.00496323094053,-0.441561546912511,1.09754176563083,0.0009391229879046,-0.759627107897348,-0.924797983299299,0.428326565314028,0.52447501343559,-0.208099161409946,0.329783324166947,-1.16563063475619,0.316170347987274,-0.832440734680914,-0.229070395233357,-0.027621481617815,-0.100288064724473,-0.251032690386145,-0.820593561628109,-0.365296706856949,-0.470046204910215,0.580435117873551,0.247107602745666,-0.0669398768570362,0.0232150761494473,1.98,0
62330.0,1.14086473658976,1.22131743135767,-1.45295546048243,2.06757505760281,0.854742052227546,-0.981222507744598,0.325713913670098,-0.0377214068783676,0.113219371615132,-2.12697274994354,0.915947028928619,-0.468571538051367,-0.523377293666349,-4.86186658087283,0.421013353871263,0.866440624739209,4.08248488419359,1.1963181517001,-1.10076358353881,-0.0677120411898438,-0.377597095255037,-0.79345965987036,-0.132333171548173,-0.33158626897425,0.664877856718148,-0.309312434134138,0.099941947375597,0.122988311929089,1.0,1
47679.0,0.878417775397684,-0.463998665104347,1.23905888490871,1.36850172967619,-0.539574492772558,1.63919156036971,-0.99522026530759,0.792591387661204,1.11673475419181,-0.287141589024009,0.0717657420429196,-0.226609933053563,-2.28702540276679,0.220594519872788,1.44961103077827,-1.1341301878437,1.1858923099798,-1.84529158929226,-1.93419248160542,-0.361119464115699,0.0709884463578817,0.378337427577723,0.165683228171104,-0.685641950757026,-0.0354252334264739,-0.280927102458361,0.122714329685902,0.0276250716412995,39.95,0
93965.0,-11.3977267217611,7.76395304621262,-18.572307456296,6.71185525207739,-10.1742155991554,-4.39591833120843,-15.8937882429266,2.08301258152135,-4.9888371802491,-15.3460988468775,7.09318207259894,-14.9797547574476,-0.148288045224015,-9.93567958156078,-1.16199939019334,-11.6468338293624,-18.3838524599849,-7.40273080415809,1.94169681013401,0.208879130047717,0.339007373241803,1.34292261443867,0.239217367154604,0.534644166424257,-0.174964905765612,-0.500240426616998,-1.72206026726614,-0.574339363297002,11.4,1
144722.0,-3.64256607880958,3.67058689267286,-2.58332539254738,-1.15947630679263,-0.573427700813331,-1.21930681790101,0.0699957663614111,0.976952773707871,2.52378354354709,2.9805133951192,-0.958918700280753,-0.757883682985347,-1.89009027319834,-0.997308084948198,0.122853938236617,0.34749520357083,0.678764020379268,-0.134018385942125,-0.633208912319302,1.35915927866935,-0.73411321964825,-1.26315721525979,0.342746508829559,0.521578531952043,0.194246353703862,0.123613608712262,0.843919601830367,0.307550261232853,8.95,0
44393.0,-4.61746102917986,3.66339525318756,-5.29744641020372,3.88095965427288,-3.26355091342907,-0.918546733700683,-5.7152620778107,0.831039550183167,-2.45703377841015,-5.72681709632961,3.52572598717089,-6.48911156043177,-1.01279063167124,-7.05231095228929,0.78444540329242,-6.77397674966222,-8.58807007314333,-4.51089174541971,1.14787783834912,-0.34645583270524,2.69817489528664,-0.0270808907137453,0.366775230313112,-0.123011441662663,-0.300456526768528,-0.239996239629945,-0.183463054061235,-0.0733597031884566,1.0,1
121629.0,2.33240638199919,-1.50569014245939,-1.29125703490803,-1.6591200460075,-1.07471077765109,-0.392215441622589,-1.22580013313722,-0.0262562880828434,-0.851465627098988,1.63795553980724,-1.79286566406153,-2.23998814119974,-1.92588286997034,0.0569568876042456,0.166933619676676,-0.415537284405079,0.528650634845433,0.238139843472835,-0.0022344517204263,-0.563428665896102,-0.226937184815731,-0.270020554064183,0.24409197076026,0.183496371297045,-0.184370371044945,-0.155121232169093,-0.0092824622851684,-0.054716409568828,15.0,0
81705.0,-3.38214488924934,3.05488759085627,-0.581420702377572,-0.318242604916557,-1.58973184957574,-0.848048552734053,-0.763992459211277,1.80694203954229,-0.114903244675815,0.99086244029942,0.947504969015652,1.52418930172955,0.59970136947473,1.00342086875162,0.0703723736714732,0.709970207718779,-0.0874779059909268,0.132746818339785,0.100836990380796,0.485631623146331,-0.251135620214718,-0.597579252728282,0.169971369906268,0.298715094094257,0.155539276041784,0.0327521463253957,-0.0499195280940301,-0.288594757564014,16.99,0
170413.0,-1.42898625189406,1.67672720960281,-2.47628352549185,-1.54209747801595,2.1123124346899,3.21969550410294,-0.828734533007693,2.17400776667075,-0.493431922340877,-1.35527932899159,-0.410918986709039,0.185294887278768,-0.196835263460235,-0.0572410061370544,0.167449603308291,0.610347948953838,0.847022021260084,0.237200565149447,-0.548528338054204,-0.276424611975135,0.185726724599319,0.15636698989154,0.104364506486399,0.634392508045065,-0.601999524788484,0.378238618302915,-0.222060453821816,0.0923562819936745,0.78,0
153868.0,-1.10967384268149,0.0843365854216652,0.138716391605324,-0.54367083901172,1.52668717621232,-1.666073866074,0.535798000458327,-0.186054622826091,0.358105627036348,-1.50597238453434,-0.697767936644854,-0.0107723888274523,-0.301079648951069,-1.55016250414868,-0.641281855792417,-0.0041764926382209,0.934446162072664,0.048945240568905,-0.320681913813639,-0.181117831873863,-0.135264320800731,-0.281596443135042,-0.141232892268376,-0.118011109638737,-0.313912245471038,-0.207109466897436,0.0472688794519931,0.268430321578379,20.0,0
112373.0,2.08339960882297,0.0272539538173025,-1.4428650706074,0.171837353163653,0.275763093321506,-0.893689289179226,0.216269149788045,-0.336307091619259,0.638656485911795,-0.121340989125647,-0.632606317204491,0.688251118816129,0.818340785817964,0.322793785410457,0.818811138661071,-0.294278764480114,-0.601501925406352,0.0263843735649333,-0.180834792825948,-0.177481757291877,0.271743895545534,0.968208439799798,0.0018541510790439,0.777575262103539,0.380911907432382,-0.455401572763357,0.0085275781740027,-0.0454890726509628,1.0,0
137185.0,-1.55832490636401,-6.23455827632605,-5.99101738796188,0.694127194012609,1.28177521063455,3.33212651487998,2.89516537813422,-0.0732483887452794,-0.492134979727367,-0.640789725789507,0.022651772642376,0.196057285610864,-0.0551624629418291,1.46448181720003,0.417950407119962,-0.610079770123404,-0.094011779910848,-0.483919428674207,-0.641286424689703,3.7336621116185,1.41360775144814,-0.206540201989741,-1.81733104904559,0.918352508624142,-0.048574239044008,0.834909439633173,-0.489125843212997,0.229345666281694,1918.7,0
60187.0,1.12550604431443,0.0480480404344114,1.22247245125391,1.20766252727512,-0.668580085679205,0.17824168962265,-0.533761662722474,0.146418230936479,0.598891103590199,-0.218095609483542,-0.278244217398965,0.966281623970264,0.982147730774807,-0.382151799829465,0.760242421377416,-0.0779010270829015,-0.171372201497484,-0.518171267698628,-0.712279419115083,-0.104590269351,0.0143655747524238,0.27045839737827,0.0223386516146527,0.104004515689234,0.346381087778649,-0.387474405347169,0.090414421173212,0.0370189566242289,6.53,0
41683.0,-1.09709159111289,-2.05707130098489,0.312815597558511,-1.3100422688434,-2.16202638646992,1.35224432460498,1.73233245311876,-0.109926281354535,-3.21825064658669,0.801324651820405,0.901475835740009,-0.40723447181716,1.40292216067866,-0.171628052646928,0.377582169783784,-0.72522733402619,0.588498658643175,0.508045804026511,1.00436761288466,1.32355114980787,0.190063423293387,-0.177968033793554,1.46665395172047,-0.74884049216333,-0.225771874654702,-0.235661697170232,-0.0372834928016993,0.177263626495751,649.0,0
146147.0,-2.18878519384918,-0.958016110501147,0.769310411217249,-3.10228611877606,-0.242737015263755,0.0718224289995618,-0.486385529347933,0.269428015967363,-1.91992980107198,1.27830734147995,0.0999617135866182,-0.325803067877678,0.97605613779679,-0.716159345183306,-1.2159632487599,0.150129392604141,-0.24795538715293,0.692943481757128,-0.302583001876998,-0.195537216305126,-0.252410028169625,-0.148451939368848,-0.605173040880387,0.213867761170136,0.737452122181655,-0.193485268028,-0.15216729637295,0.0066388267338209,79.0,0
126966.0,-0.0431322540560948,0.235831492983495,-0.721057738458965,-0.071988497482486,0.59227729764846,-1.03051015472621,2.05189526647839,-0.654702208588425,-0.341600283873775,-0.891155799226471,-0.508921790350981,-0.0348316429107153,0.581098449542461,-1.25079752169114,-0.162325287854649,-0.0747668631086839,0.572170656216174,-0.0936106832769796,0.25679886388545,0.527843022770042,-0.0348957087401088,-0.185954857423474,0.483625849286708,-0.189160968631492,-0.637221096038843,0.394052248863757,-0.170467131393876,-0.0867356506860377,219.0,0
36482.0,-0.134445744755874,-0.561826132660578,1.34599898774931,-2.52662428356729,-0.523853492198098,-0.317074840132511,-0.164627522110223,-0.103132409305647,-2.31498912641251,1.38595005574929,1.41404514387676,-0.0288869464731245,0.97475302765515,-0.625566629359006,-0.622767552315702,-0.413147304005609,0.0906551959713995,-0.0346251462134332,-1.00581782833321,-0.0852239460165818,-0.110615270909763,0.272838219963284,0.0453617942890602,0.0019255477648169,-0.30077330701919,-0.425989082023146,0.149519680836418,-0.129259094774452,30.0,0
93897.0,-10.3008197578448,6.48309458751086,-15.0763627200288,6.55419115286706,-8.88025172157215,-4.47167242014489,-14.900688599735,3.84017023811699,-4.35844142237671,-14.5331616869738,7.58874088021049,-15.8357188077344,0.135035383391472,-11.5670059165135,-0.077026912374336,-11.4674297370042,-19.1729963590355,-6.96985638421183,2.21175583268581,0.113244363257218,1.50874842459643,1.04164209875775,-0.682789602968657,0.573543946252624,-1.6023889741646,-0.393520821299559,-0.468892515546761,0.105920160381125,1.0,1
123416.0,-0.587105972352179,1.05325984810943,0.754257782169217,-1.17815493148199,1.21245284434215,-0.111065659135989,1.17137515011867,-0.0901867962832637,-0.797742403089665,-0.855542926048439,0.0427224326121339,0.510274668929562,0.685462353625108,0.354298991068493,-0.207894051133693,0.247382752381134,-1.1924062203116,0.880267337447282,0.399986965360007,-0.0144420349337818,0.251654525597743,0.763723915166536,-0.812027121708125,-0.975660600978067,1.17911279493378,0.0613140427911149,0.0091971982503063,0.0239837120380366,1.0,0
101051.0,-1.46531575579616,-1.09337687781209,-0.0597678482279439,1.06478463530602,11.0950886001596,-5.43097128323669,-9.37802517086658,-0.446456139679101,1.99210961400888,1.78592177154007,1.36858453419511,-1.47169658834377,-0.72475884619705,3.44242199594215,-0.957403224855046,-1.62612941891216,1.41821495932655,-1.41791682839858,-1.65176618071699,-1.4576102135585,1.16062328833533,-1.2596968082996,-15.9816491909559,-0.883669935248733,-3.53671623161143,-0.59296488849027,0.675524833181225,0.424849351792902,0.92,1
129808.0,1.52207986461923,-0.51942947320952,-2.58168487999205,0.774741045624737,0.206721720660857,-1.43102011805619,0.757011225164691,-0.444418034237894,0.997921025301102,-1.4294901237515,-0.375466188651408,0.17909486429195,-0.148448551372914,-2.13515486441111,-0.0449156938101637,-0.0553327528802965,1.77869660251824,0.671832434178931,-0.00202115788658,0.361168932269551,0.0196494069605455,-0.211678284664816,-0.24745192402646,-0.279471886713974,0.239646122725123,-0.50839814288348,-0.015551488169813,0.0418807020330689,276.17,1
95559.0,-16.308650062507,11.6148005425867,-19.7393862972953,10.4638662754002,-12.599145656022,-1.2023933184963,-23.3805078207357,-5.78113300512982,-7.81102238181602,-16.3035376590131,5.57362527301538,-13.6352161247268,-0.483236243869236,-7.35279224297253,-2.39268418895092,-8.72814239367754,-17.5988535455879,-7.45595632935304,0.169740705598221,2.10603387120175,-4.88498262418118,1.14091043558273,1.39295263139548,0.348996604820014,-2.16750975079914,-0.798753537981903,-2.94277507305079,-0.462679619023024,1.63,1
155359.0,-1.067713272294,5.26231210944906,-8.4385670664835,7.31648729995658,0.0082535729164869,-2.12593631959976,-3.3070357352934,1.86983752340028,-4.52258362448849,-5.17281182346005,5.59112619350265,-5.64041745782421,0.784510038605689,-12.0438056158463,0.353814874886981,-1.92055816814255,-1.87992827944447,0.679751299229409,0.797641375455208,0.821404548671474,0.547789786518153,-0.491959821843257,0.0559141341245579,-1.14536853471475,0.0689513455242996,0.535054734945035,0.539263072143882,0.124255055772618,0.77,1
53255.0,-0.465980048689717,0.979674031666892,1.58545979184277,-0.143964509994539,-0.0018531538237694,-0.581867066269828,0.591574963968287,0.0830200140761888,-0.650868071891479,-0.1413656977412,1.29433554529939,0.628965723084475,-0.0725681157953972,0.34323102639397,0.15040372327876,0.395946084589922,-0.643142941488127,0.146419135696908,0.304217295466808,0.110866586641142,-0.175354806084316,-0.485013535570322,-0.0312787896555367,0.309506576035995,-0.22392863797455,0.0539441004160872,0.260786292639525,0.111055011465544,2.97,0
58222.0,-1.32278906321956,1.55276821126964,-2.27692070362638,2.99211739124618,-1.94706392017319,-0.480288250384527,-1.36238752318047,0.953242226598613,-2.32962885992389,-3.39355348115172,3.1284396921776,-3.57039373078107,-0.595198191474463,-3.98841505479623,0.995905842419722,-2.84378455855144,-4.82624611607161,-0.703883464864473,2.15221455770756,0.988493486888991,0.614968996752659,-0.195199717277462,0.590711261700839,-0.233377663885038,-0.164285286785183,-0.27749787053455,0.428610084734921,0.246393746180351,270.0,1
8614.0,-2.16992897559082,3.6396539992044,-4.50849778617728,2.73066814884895,-2.12269287053048,-2.34101682766366,-4.23525308290613,1.70353765763508,-1.30527913344307,-6.7167200227127,6.35361231915591,-8.60164826276464,0.449930038237225,-7.50616937408145,-0.438081781812467,-3.69451599830956,-6.30475338603049,-1.26758712788115,0.357987030484253,0.5007790539507,0.645103275621378,-0.503529448911197,-0.0005228218182992,0.0716957787676742,0.0920074334247208,0.308497931577036,0.552590914653841,0.298954478709399,1.0,1
135006.0,1.92273145769974,-0.421787435898091,-0.949374389867267,0.282269538614058,-0.216286674167991,-0.357845655378403,-0.230723751750887,-0.0361683056332312,0.876379251472629,0.0456519333079763,0.373720016262333,0.855938872231888,-0.217500904366882,0.348671491212681,-0.209874207063534,0.235602271879938,-0.837287393675373,0.534034664096386,0.373469293165448,-0.139773215327517,0.076394874254233,0.279542920422145,0.0620929721591188,-0.494031090976679,-0.0453286417373447,-0.33229118244543,-0.0016517001133054,-0.0524199475379302,50.0,0
91856.0,0.0364961687922715,-0.303914759646803,-0.790443219059589,-2.40985321137651,2.30649185277973,3.62421893959635,-0.37850940700017,0.800852123051521,0.0998241080447036,-0.181805502050558,0.725004455149095,-3.35442992168018,1.55018929162759,1.36154651868434,-0.61344223799828,0.551482020018112,0.976455556487928,-1.10141128148373,0.639826771690595,0.214978712757184,0.209177927339788,0.672905993355098,0.100881561675878,0.668108601193899,-0.752696508966205,-0.24061352888078,0.192961645482628,0.209557285020649,52.0,0
40687.0,-0.275683921334473,1.11240286511215,0.942716313673428,-0.136235475448822,0.427004769606129,-0.504524727893614,0.686810074966867,-0.0141060030193886,-0.322820416913113,-0.506742534469509,-0.978478624052058,-0.407786859473999,0.167360923792578,-0.460737143017989,0.965509057724427,0.631607711933137,-0.291044980952806,0.146258644211631,0.226161793337683,0.130042708293939,-0.321392662684179,-0.851228817571674,-0.121963796917958,-0.509255181435806,-0.0527422530403122,0.124297176420712,0.244629049827446,0.0893492704615968,1.78,0
42309.0,-0.911806501676015,-4.29066065611674,-1.61286828926195,0.279438593249671,-1.41525435274381,0.337204369208033,1.35294320632846,-0.475711472716456,-1.03843139716653,-0.0114306249467935,-1.07918966663504,0.357252230846547,1.49372096772264,0.072596239356718,0.311211769896088,-1.73351859204125,0.266923790260965,0.543389394095056,-0.89852593170389,2.01885266844022,0.266827798508562,-1.2811852752161,-1.15623797613247,-0.630241861501327,0.062680159617237,1.0416274374432,-0.275057846865496,0.198522259591682,1214.96,0
82024.0,-2.33166823921612,1.55967295311106,1.67021640458578,0.242855054158322,-0.0937712051141453,1.33728174141092,-0.120447973186774,-0.0464771598433236,0.981972324404706,1.22475436920873,-1.35590173494855,-0.37913999380006,0.91875934415878,-0.941050204934537,2.25319068526789,0.294293817219985,-0.849978940662458,0.686619778544942,0.28010905074047,0.0397156583681039,0.320679394328052,0.828563375094953,-0.49889184272741,-1.3075764435226,0.222713271250207,-0.201533949817974,-1.780498234581,-0.155196162971194,22.7,0
69451.0,1.19029487274555,-0.476584586017255,0.888687048179038,0.0957264890669429,-0.829169532975789,0.350770063125399,-0.768579953291469,0.25270798566368,1.31904399643297,-0.482063399440104,-1.11203680583312,0.203946447257409,-0.509524526579524,-0.445367473277862,0.0461014461395873,-0.241204648639316,0.274135645627848,-0.857272867870407,0.296493719757227,-0.116018209861389,-0.241359559276133,-0.437627431567607,0.048700559462729,-0.366802600137458,0.108631929409599,1.00454070373388,-0.0226382719964032,0.0057650828832655,14.99,0
41147.0,-5.31417320646342,4.14594361146639,-8.53252245892907,8.34439167363678,-5.71800820787464,-3.04353608094129,-10.9891846672722,3.40412865609659,-6.16723364181153,-11.435623996076,7.67453383416429,-14.2960914258331,0.526938923712363,-15.4450258118019,0.991651201275811,-12.3913460034009,-22.5416517287861,-7.98672065349455,2.99255446334225,1.15001731865814,2.33146580801509,0.862996305559532,-0.614453237551036,0.523647877136623,-0.712593271662611,0.324637964828057,2.24509146635599,0.497320848969724,88.23,1
122730.0,1.80624878189235,-0.54589502614551,0.119610379745861,1.09048311377199,-0.525147036949893,0.996294982453835,-1.11020294976377,0.393244681422621,1.06667910402335,0.254421084184031,0.373465690301319,1.16283613751011,0.835011251405665,-0.341093217936146,0.214815608244068,1.02740055176269,-1.29509035018157,1.15163907850359,-0.484970179089656,-0.0510701591732526,0.312947922143623,0.958284486557593,0.120853255306858,0.219509877958233,-0.271599409911478,-0.615624045584296,0.0849674769330243,-0.0146742917933607,54.8,0
86376.0,-0.670238130057305,0.94520635153406,0.610050626297701,2.64006508673377,-2.70777462644103,1.95261056051566,-1.62460819938343,-5.22990786160988,0.21020202822781,-2.06990438955593,-0.529805728295342,0.999716276092526,-0.0861120244186652,-1.50855714024168,-0.450669492347937,-0.328387382736473,2.27027117814029,0.709666017682026,0.913175997078955,1.4749287568126,-2.50445018690737,1.43647237841825,0.351542386126581,0.648466904268149,0.579681417358758,0.0757375933335965,0.346717084034013,0.282208626038179,323.77,1
805.0,1.12109275076464,0.111321696197022,0.498385653857671,1.32860046438535,-0.272975557022655,0.0013487299722412,-0.110423125485535,0.1796405528245,0.174674550571332,0.0776678044851743,1.16741241206306,0.735213084082945,-1.2863769166173,0.478582643212905,-0.696773733222636,-0.538418032026758,0.145510606935275,-0.423758513939077,-0.145370102633086,-0.267026753554355,-0.0531300052565284,0.0127098648285372,-0.0303755179584482,0.216249410649613,0.573753103013664,-0.338609680414014,0.0309648947969369,0.0044150693491336,1.0,0
84204.0,-1.92745281973369,1.82762056700016,-7.01949468454197,5.34830323951426,-2.73918788004738,-2.10721929638307,-5.01584797563431,1.20586815982046,-4.38271250852199,-8.33770697381781,7.19030608944843,-9.42484446049178,-0.223292646427513,-12.8754942229841,-0.071918160688794,-6.2999613976222,-12.719207160428,-3.74017615583058,0.844059610296466,2.17270905626492,1.37693832294098,-0.792016725563067,-0.771414187530036,-0.379574271539528,0.718716522008066,1.11115125599517,1.27770725705846,0.819081152045361,512.25,1
29718.0,1.27011387640107,0.150507107990991,0.0747534227028108,0.0904753989410154,-0.357568975877081,-1.31399647152461,0.334629096922109,-0.317146833601805,-0.0598267076366733,-0.141170775515064,-0.159721464624235,0.23563086787942,-0.0389614219031566,0.441425598115859,0.860405151197315,0.122100147456259,-0.197711082929029,-0.998916677142628,0.275178538554211,-0.0465136660324215,-0.43519647473247,-1.34592771750059,0.196177706711624,0.405069372174148,0.0924128624294328,0.620554657563362,-0.104441975188618,0.006386711711914,22.98,0
122270.0,0.29541743152947,1.41265322884918,0.558037088384817,4.42081962970288,0.979112039334175,-0.0339154630620308,1.06544477257655,-0.413876592221311,-2.02826263677987,2.09675419791919,-0.80242471148409,-0.280917985339562,1.34376792770665,0.0747252173651707,0.669483620284671,-0.356226703496969,-0.182280431288574,0.121825942371173,0.848092234029571,0.480207362982752,0.358556395544425,1.41331418128988,0.0372742256060293,0.0955147742695514,-1.2083241787421,0.351897014704253,0.38278510623446,0.135829806581212,33.38,0
148468.0,0.218810192243952,2.71585507956703,-5.11165783900784,6.31066097414859,-0.848345064871295,-0.882445799257676,-2.90207924674704,0.939162177941683,-3.62769814154945,-1.87333085278999,1.2038344844503,-6.17262991831307,-0.921364296717084,-3.94196510459461,-0.0622213828788873,-5.241049107605,-8.15282937205818,-3.24343644496687,1.93548375407006,0.381681938895485,1.08364021161907,1.03732380245639,0.0623251382602846,0.532489603801304,-0.149144855297463,0.639579645658501,0.351567637719089,-0.0018165149574627,0.76,1
114758.0,-0.249823925552041,-0.201067188363743,0.0005314768277365,-3.53552251882757,0.34243711676781,-0.910390737728863,0.717758382019035,-0.458300110272266,0.296355486121144,-0.385237252608171,-1.39027688405241,-0.217437299182141,0.142726374834986,-0.27735841475366,0.109816994043096,-2.37633313973035,-0.291009879227983,1.57720325773458,-0.350168973900931,-0.362450043823427,-0.0634697744329735,0.76794427276257,-0.26546338846181,0.516993572288683,0.0105751815528359,-0.0764015865495739,0.141650027698233,0.0188174936951686,15.13,0
73773.0,1.33028689701149,-0.385510957258575,0.0732514997053092,-0.639014438487363,-0.743052980563196,-1.27271174051839,-0.0101260602507564,-0.399612087235484,-1.22337343997795,0.581757335116438,0.0229362502168991,-0.0046223860871845,1.07230298773142,-0.112227572424338,0.415157896248003,0.894694802436553,0.314223783675981,-2.02479786451823,0.772788378940356,0.229631904922197,-0.161684053531561,-0.675618661968723,0.0720827140583381,0.382508780458272,0.359770139680891,-0.538265367145741,-0.0198144604949325,0.0252982570131878,64.0,0
132086.0,-0.361427838541789,1.13347191665669,-2.97136044013455,-0.283072525739314,0.371451592836109,-0.574679962140979,4.03151344147581,-0.934397840999575,-0.768254682100259,-2.24811517395215,-0.482409384022894,-0.690550364277623,0.181274905167329,-2.37255179777895,-0.0068680461366328,0.146399068662885,1.75931419392615,1.08303951438991,-0.391047742407487,-0.0258616224927044,0.110814637422018,0.563860612681898,-0.408436059432732,-0.880078912517905,1.40839232295512,-0.137402363335706,-0.001249817072624,-0.18275089691206,480.72,1
157804.0,0.862941187980347,-1.88749019335918,-2.17087155786798,0.852340177395539,-0.621354181195796,-0.781277508071769,0.682628938147886,-0.201053970899531,0.87937039968048,-0.904076081002724,1.13762261571622,0.417394820666489,-1.37793888553869,-0.86467663176151,-0.585048920415896,0.222538462574613,1.00530597135217,0.656441242794341,0.135987224791507,0.895278671772378,0.147433546394276,-0.690343079415677,-0.295426478503889,-0.101920082758047,-0.371265073573484,-0.164802184968382,-0.122705562608091,0.0653487872328319,578.8,0
142508.0,-0.724038859815775,0.962176922889664,0.490743947139401,0.138610721658763,1.3687362603748,-0.352806536295447,1.65882446048469,-0.42182672249641,-0.727049593227888,-0.0472496402062155,0.396011577752972,0.257277910441213,-0.628382073519901,0.328816567149395,-1.33384310459604,-0.541754801351812,-0.610676017929663,0.0625444374902585,0.200862890648903,-0.162021262199522,0.0158094831129689,0.23044761123682,-0.614498352517911,-0.394304321654336,1.32331838106908,-0.395929724386248,-0.505286340352119,-0.285193966717517,32.59,0
161775.0,-0.0815050330454274,1.23235464582969,-0.517024197870826,-0.616888655394277,0.937899152456053,-0.737313901859201,0.984420650647034,-0.0958878371472109,0.0836904667679518,-0.547437541142792,-0.580848040427974,0.106721397351392,0.397731223939087,-1.16174539216845,-0.217243862256975,0.244125805662745,0.378997393415991,-0.357959045281236,-0.320935327980643,0.164345458164749,-0.364380662810005,-0.806784436078407,0.105466717210104,0.50626300942445,-0.366616176503784,0.122802568684611,0.335090196515454,0.144050481492462,4.49,0
133502.0,2.14667679178399,0.179386142350764,-2.35801501391891,0.544015966062044,0.577375742348868,-1.87043794553267,0.953708988742299,-0.620130048788255,0.0208290201452964,0.310005861525613,-0.988586738058276,-0.499143159325653,-1.39516438898529,1.0810242261702,-0.142831319024782,-0.757812990500747,-0.0318114461797913,-0.548710278647961,0.0066357645285205,-0.341254095162874,0.252343242629376,0.876999432032525,-0.164307715793054,0.116829556548215,0.642594415577128,0.724595439608789,-0.130772169085125,-0.0959033992388096,0.11,0
113046.0,2.08193447778661,-0.117492525101854,-1.48440758605716,0.191252511730869,0.0974510309385925,-0.941225741553351,0.0807142618224582,-0.222797371912308,0.941184413869975,-0.0626578446907844,-0.973338890624502,-0.374364518750207,-1.17966368763699,0.720421451999445,1.03802648281259,-0.200556433693682,-0.48732717492602,0.271515514266059,-0.167345087651144,-0.305494933928488,0.248771689845363,0.804576438743732,0.0258361062924534,0.722871631035743,0.313308343423625,-0.448706118044266,-0.0045338644507617,-0.049780143412809,1.0,0
63578.0,-0.639191253440691,-0.0855947885921835,1.26545195854416,1.40116573166082,-0.260542078671007,1.00979457835355,1.30199897093176,-0.135257522932592,-0.431520921685507,-0.0913533730643921,-0.921051995675577,-0.61381552858098,0.198913055533638,0.0160870050482155,2.20626377523102,-0.527140627794259,-0.0572786796405291,0.448655661077036,1.16443546519237,0.861306751100051,0.340330752683629,0.76016976216338,0.353376975218638,-0.778892742566353,-0.0706811598435952,-0.0333546437243291,-0.0619624216383359,-0.0626865318467909,290.18,1
141970.0,2.33159710475672,-1.37320232381817,-1.19053503299671,-1.63132730657343,-1.03453048054343,-0.526441736792735,-1.09604952150749,-0.155691580981915,-1.11015892675581,1.59780161989336,-1.42382876368974,-1.33210948672289,-0.300448066180793,-0.267524852299921,-0.0726410795611099,-0.479401023719482,0.434300237541995,0.0743306176230536,0.0002210554927139,-0.456544518755684,-0.20369320800295,-0.130140543992671,0.236703523087499,0.434174650336949,-0.134171120307321,-0.175365381301084,-0.0014759231284798,-0.0490472695841904,15.0,0
8408.0,-1.81328048476897,4.91785071056565,-5.92612969400656,5.70150043141163,1.20439257214362,-3.03513754815611,-1.71340206347108,0.561257390902032,-3.79635425171163,-7.45484065078351,7.38805512292025,-10.4752286504099,-0.379314526756117,-11.7367291212569,-2.08698895215593,-2.44235398293755,-3.53552351168246,0.130360306640887,-2.07145048844325,0.576656033332069,0.615641835107552,-0.4064272753179,-0.73701807643754,-0.279641772215917,1.1067663744335,0.323885477719453,0.894766671515833,0.569518600269514,1.0,1
1676.0,0.4768712131181,-1.59307762599303,-0.0453912742693492,0.057384112363554,-1.07733953104911,-0.278705292755441,0.243107235099237,-0.122119163878424,-1.50320659587416,0.6553578576772,1.75490885496213,1.00375111132357,0.535854439549974,0.540335960822781,0.345685795321085,-1.39778118733703,0.0280204475401321,0.483429258517398,-0.941854007244029,0.329130125397421,-0.516562752283954,-2.02242010053147,0.0195482132619914,0.167983730254437,-0.313185259535936,-0.0671318842143674,-0.089715476432262,0.0831378840945067,421.5,0
55614.0,-7.34795494690262,2.39704134824746,-7.57235581757844,5.17781925521834,-2.85483828261718,-1.79523877381611,-8.78323473517424,0.437156561210431,-3.74059750992972,-8.33286306292127,5.76318940883843,-8.70787929219866,-1.71694948774786,-9.57719439289905,0.146369002626258,-7.58649078643175,-12.5039309695675,-4.37563101237668,2.46519487038601,0.0731637913502985,-0.175273369741836,0.543325051876651,-0.547955067054245,-0.503721690122004,-0.31093277648824,-0.16398601754964,1.19789504657005,0.378186688214491,0.83,1
55496.0,-1.00127766541487,0.537213555140211,2.15134420850728,1.84538395578035,0.130981170153197,-0.0782758127835247,0.674277268286887,-0.348052943457835,-0.212313684187226,0.205475715810327,-0.582343641673757,0.349770673085462,0.752540716993573,-0.597403234884687,0.339638203877381,-1.25747110286637,0.482260432262303,-0.153473369128705,1.87959491005704,0.0249220077483701,-0.091306090351648,0.428940109774092,-0.0066245421471752,0.458623002872766,0.529508358781759,-0.0189994812344828,-0.179370668627049,-0.205567166901551,28.0,0
60675.0,-1.0247261214292,1.11500018104507,1.23798979056314,0.318305343032743,-0.0652232443814706,-0.388900505936861,0.315762702460129,0.600646494191165,-0.808812785363991,-0.540862578759865,0.291566042647954,-0.768828889975534,-2.53846562560154,1.28370506942222,0.334510437665315,0.445625850407771,-0.4214361364708,0.983630459484707,0.307099079759801,-0.256010948989251,0.13400549907784,0.0492071393186572,-0.356392912339247,-0.060373321169827,0.552931041831866,-0.282698609082364,-0.0937340836197065,-0.0225179804825064,11.11,0
153224.0,-1.17669484195064,-0.0574641145125285,0.285134564148662,0.48222150042866,0.727654795430343,-0.587055398884145,-0.591011925023983,0.567512478068898,0.156197907085721,-1.30729214497853,-0.799763192819392,0.175792023820598,0.629934929775836,-1.07785540292756,1.04623705021152,0.142873663521035,0.888303692057875,1.12687092688879,0.436438135892532,0.309491624108307,0.470513708899295,1.0587057512377,-0.143212718356284,0.636545428111771,-0.485553705961405,-0.0802147700938189,0.154675504615285,0.0098036793196041,19.98,0
141000.0,0.0444933604458604,0.861138884740616,-2.40657712696784,-1.51633852668717,2.90541199171835,3.00155705697232,-0.0213964816456463,1.22232279552493,-0.485721612907278,-1.07204992070877,0.008066727733995,-0.22262994318499,-0.248517957694083,-0.369617584933805,0.621472387173676,0.528423009081728,0.338800870738185,0.360599642596027,-0.855723815076179,-0.22071057041554,0.324431299846938,0.783172959109149,-0.0118300908714779,0.660959585567887,-0.661762783717697,0.53228217050071,-0.0264394035311781,0.0434991505148774,1.5,0
160665.0,-0.819068739749881,0.810832483494633,0.0010938205805217,-0.731286560474856,0.357107738437924,-0.774397837867506,0.349871103254228,0.444394097756691,-0.271292942903456,-0.405060915681314,0.172611926156316,0.199068280186305,-1.21203761284304,0.812468034127352,-0.901515311284674,0.397753595734381,-0.520704934791598,0.0179265543552349,0.327993541058147,-0.207489413729673,-0.23719585350605,-0.828815170647383,-0.138765492965087,-0.367240523200136,-0.0190116930764327,0.213807132379278,-0.0545358865394415,-0.127539994610341,2.69,0
32343.0,-0.686869716600221,1.08040739172587,0.861964153086587,0.849933271188772,-0.357055378948979,-0.391094561935509,0.562786648885444,0.405000724168413,-1.05573332253144,-0.322810277016426,0.951187092297051,0.480934293573833,-0.401201506788424,0.945767539085811,0.320223656206489,0.0259575770663734,-0.25287462624658,0.721924411956736,0.70354172160314,0.0149076692544118,0.285914482848144,0.574036563988104,0.0369796246211612,0.326669225521576,-0.250111446171546,-0.3507519030961,0.0188043551644817,0.0957804927954181,75.0,0
52219.0,-3.60805696930692,0.305727574143632,-2.50610601063533,-2.52985870819215,-3.07554935882217,0.151036167820341,1.70845055528331,1.10104200422453,0.837206766447872,-2.07046599491831,-2.2116867743703,-0.149250779725897,-0.642254066160217,1.384748398146,1.08229832930317,1.01695829908823,-0.417323946122925,0.400252282668433,0.352083307655312,-0.854372697459486,-0.377987608700857,-0.709250324401131,-0.425890265082114,-0.934882469689548,0.0555565930760161,-0.32433766761128,0.593537907217195,-0.55095345349775,562.28,0
49287.0,-0.509942123591213,-3.12550226522242,0.204708999522891,0.868625091574408,-1.6058434938577,1.19412487112573,0.147610083483892,0.303679649390792,0.853050090694039,-0.675251768897319,1.2581377261926,1.16155967748878,-0.548155434586821,-0.0079349089518171,-0.378130308277427,-0.342627756389073,0.492282264646472,-0.812910849924349,-0.296947585712446,1.49999768601796,0.365656558035747,-0.546899878046996,-0.587894300148749,-0.189631287936952,-0.357562614427079,0.866969292925423,-0.160588743955575,0.139817850616863,828.55,0
16797.0,0.964711867342062,-0.537869920416053,-0.147912606579991,0.16191524574454,-0.235808726720082,-0.106772298020408,-0.0128100425449785,-0.0111013345952396,1.58552100995937,-0.514375015529248,1.82159470737535,-2.37128620602688,-0.067470044236385,2.15295072536003,-0.822571352596683,-0.270203327698861,0.811772858744273,-0.106533551077032,0.183802662999659,0.0472693601763886,-0.112432206894604,-0.331993940811223,-0.206021550593485,-0.297097785768567,0.353694162251098,1.10580727340941,-0.148479279205569,-0.0094230645765184,149.0,0
70419.0,1.48030367780295,-1.08472451816846,0.337872017590383,-1.50801880648803,-1.27427691710692,-0.40001192623254,-0.983948789195748,-0.179283644639551,-1.81075586927259,1.3716631691187,-1.03851987778669,-0.684185960669344,1.5011987576008,-0.583905089202708,0.731872845301111,0.023643168909595,0.0747355282363681,0.0984772441556919,0.0580143798410562,-0.157887735149137,-0.389077324677217,-0.820891240467386,0.0289036020144953,-0.476638647354522,0.255666486873869,-0.365574702894424,0.039257878547651,0.0305090352489618,55.5,0
151207.0,1.86606339107059,-0.636479577658582,-0.527053919830466,0.207662948332556,-0.799245551490247,-0.783438209051763,-0.363527544785195,-0.0899839513036253,1.38894581449649,-0.213183133437208,-1.02323623608635,0.0411714239281436,-0.699832297067151,0.167106160395181,0.771122819855736,0.271745162742061,-0.488747240818974,-0.190780800048913,0.106185581962875,-0.104465667831538,-0.212649977949523,-0.688005360860519,0.332619072527153,-0.161673785532158,-0.547821793024123,-0.323316851411442,-0.0154501538504792,-0.0267088402335866,83.85,0
152118.0,-5.06820180896064,2.32670771180798,-0.123658743040967,-1.55413201861256,0.0601257870499156,-0.177236772909235,1.15045960293888,-0.819449446739707,4.57871374437877,5.88572751121879,-0.355773326464421,-0.102996911095008,0.624421541231043,-2.86215000371337,0.486089936991729,-0.334272381757143,-1.38453619685557,-0.265070958309556,-0.655012006801155,1.49902630813797,-0.886380568077144,0.932019183185651,0.0976596179319616,0.717811459542471,0.521520761526232,0.445941531480068,0.472793305488155,-0.500871408232157,29.99,0
157425.0,-1.79375205985576,1.85372304382719,1.41499440657879,-0.513456104024545,-0.475125070887558,0.172850468051731,-0.647423081433957,-1.84977614518641,0.107335652292996,-0.869751927035036,-0.934663927167526,0.831723974602797,0.86271925672738,0.0818736741248907,0.549831977080339,0.0006771634645324,-0.0161060018739664,-0.0773753032746898,0.306634027335595,-0.425847140128759,2.11884825487541,-1.19091400069661,0.126646355529063,-0.142154085659723,0.471040071847836,-0.373124910963497,0.303795947576955,0.101177284621627,0.12,0
33492.0,0.906339754058174,-1.99475863327522,-0.387275115937235,-1.21672110739872,0.449955046017433,4.30374246393815,-1.64962053613241,1.09309961584426,0.334479443232688,0.250563787350261,-0.79604181219342,-0.289561526579576,0.0632110154175202,-1.03104930118208,-0.907885975694044,0.980185695488748,0.325078344310698,-0.940095769055784,1.25705865333083,0.659385002412763,0.183724550073886,0.121091802066972,-0.306271470775482,1.07251446409642,0.516113144175633,-0.129085276898076,0.0309998165326445,0.0622720169590171,250.0,0
143560.0,1.81629829788651,-0.55514004820599,-1.180681285094,0.389862264807318,-0.101295882237386,0.248951710880513,-0.597776052239461,0.170123022289968,0.949521312950685,-0.343898236292434,0.557963345136853,0.562383135254024,0.0455073890831217,-1.24268722406585,-0.167473641555003,1.04253828307629,-0.009192040478654,1.25052204471808,0.0284004850954587,0.0764109042968624,0.194129906147761,0.52573821662119,-0.0065703522665587,0.159826338123696,-0.196673707936838,0.584058714247792,-0.0350980070491573,-0.0159604649621655,98.58,0
152710.0,0.0510754846328574,1.31042652386526,0.733222065309853,2.62028192286183,1.40235761449282,0.528488564738172,1.08601442622803,-0.146422713225732,-1.72433297471822,1.28016674259048,0.470864719590572,0.43554195900858,0.594974116113431,-0.142098601080574,-2.02473460275883,0.828290651436422,-1.27478714656577,0.134277305184542,-1.48943421708841,-0.125876996990695,0.229936134951611,0.766926566765976,-0.189623667620704,0.766852957965077,-0.141400750027805,-0.0772779620355944,-0.29759539535716,-0.221816034161724,2.47,1
125326.0,-2.20732308684088,-1.72679404135114,-0.0955733239724285,0.0973769270331218,1.6735969480081,-2.0403221022731,0.392859826762103,-0.328059206861031,0.360063178390005,-0.154839543963811,-1.16071627166663,-0.242074532627282,-0.843506050661831,0.291042674372723,-0.429169465732668,-0.150173761353877,-0.286511635987952,-0.655730566795037,0.133698401528651,-0.429363381771421,-0.290574742960629,-0.408538423130772,-0.102893443434844,0.113852159027273,-0.896065736061132,0.171037259930273,0.700284678864489,0.0767543245595312,254.78,0
130750.0,-2.81407388201633,3.14939829224608,-0.843043389695211,-1.37864995621115,0.530771495709057,-1.34582735520044,1.96453360927126,-1.23367547823306,3.7058591826841,5.50542383997804,-0.181578343820628,-0.679183429199656,-0.63806365173975,-1.69671404748656,0.905514160257768,-1.22988269707564,-1.15578480905134,-0.173691992460996,-0.364512115834257,2.20054859763761,-0.419843022972409,1.20731591943349,-0.203985534254836,0.0137308176714841,-0.280865679621781,-0.409709608530266,0.249212106412766,-0.96786660133641,1.29,0
147289.0,-1.43393256238462,1.3066853960225,1.39757753833592,-0.743312514587284,-0.318570830699408,-0.459922302812117,0.810558169630173,-0.138005063385172,1.12394363969763,0.798967535338367,-0.845586284341876,-0.20825665205814,-0.258863520549464,-0.663036451844091,0.304901755145608,0.221787817273842,-0.717201199018336,-0.263153867646921,-0.31690106838124,0.550189825613554,-0.397760508287741,-0.495073779675991,-0.0524537874004117,0.0085232320614701,-0.17248454996566,0.0076530939102578,0.611234492914247,0.270771356561077,49.99,0
54842.0,1.12244281594679,0.208210191167264,0.541140366346045,1.47669085191398,-0.292161284346253,-0.363567408561331,0.11146560382056,-0.0588201313897265,0.218544476937727,-0.139213220362173,-0.188582978563335,0.810759934174101,0.136703199363799,0.0235009552306959,-0.152918390891016,-0.832792171952433,0.364623492829823,-1.12312092009361,-0.496454429546243,-0.160243547354691,-0.0704293727266726,0.0260456853274033,-0.0349567188794251,0.417648476096968,0.626539650946285,-0.334588901084882,0.0406195395898984,0.0216645168654113,18.42,0
34809.0,1.29992975053655,-0.0591476158884826,-1.09896599400879,-0.550580804397756,2.02203136477471,3.27101216030315,-0.524364710512707,0.806171071804549,-0.0536675053586304,-0.0025820145852291,-0.0284941695140753,0.0739864366704824,0.0427129054087242,0.42731391747386,1.24628418364394,0.641423987768566,-0.909999030218705,-0.0670569525853809,0.252709358649747,0.0332642009672294,-0.308453939397352,-1.07316196043951,0.0967365960043523,0.992536727581736,0.366457084483457,0.109519263754431,-0.0298155315024531,0.0132309897601929,9.99,0
146344.0,-0.0997238993578782,2.79541433019956,-6.42385558221477,3.24751301512342,-1.6322902693315,-2.76666493059313,-2.31222288290759,0.961014122482514,-1.89600096481329,-4.91934829935247,3.05365441815753,-5.29781140208753,-1.46602972848647,-7.03588005080407,1.99713237234969,-3.83618852542499,-2.51518280017187,-0.864578711859257,2.32892697361116,0.340898315660141,0.647714388377444,0.126575864283858,0.203953480088146,0.0084949976311171,-0.174501150725926,0.575294798178312,0.152875890788003,-0.0981728103598323,94.82,1
82217.0,-1.22241042888397,-1.40583011624512,2.35814257562047,-0.349027305076278,0.171356109105601,-0.958798733251634,-1.22856974616118,-0.0612222614991084,-0.743057015928004,0.868640039413523,0.166834462341473,-0.948886247591603,0.0001623516776107,-0.587790937975527,1.80468416041406,0.528547624906696,0.737262191427523,-1.11257473525196,0.928513451122424,0.260720961543239,0.488967171982828,1.49657154106263,-0.161582614848504,0.478213292744415,-0.475965491352577,0.0092055079314521,-0.0653201074888708,0.0205744577998586,22.0,0
63108.0,1.04121454248393,0.26884286870288,1.04626686872411,2.84220065033541,-0.499187583435329,0.0066199739830212,-0.13788879545121,0.120542176716858,-0.152483978997725,0.482235865217335,-0.414433794754597,0.133540653615736,-0.794215310089984,-0.0104088419648569,-0.620445087170824,-0.32416055745515,0.357280168304306,-1.07153529363508,-1.17757607390592,-0.225731097209117,-0.0128150434450218,0.119914156065474,0.0066162952824942,0.605269084630347,0.455444608669198,0.0745613251230686,0.0187630583573909,0.0241798892153165,22.3,0
80554.0,1.13002808794388,0.173167880225157,0.864093561189766,1.25847496178332,-0.341583089997441,0.0261604991344602,-0.136732580446705,0.0339517467983044,0.378551990652204,-0.269431545765108,-0.268609357130232,1.27193369115764,1.1474318110493,-0.327123395909422,0.039449295424172,-0.514615476681571,0.0971104517590714,-1.15776518426703,-0.31574820908163,-0.0923219346733861,-0.295982394021316,-0.609684962321009,0.120245053030915,0.0818943973828144,0.337326831897268,-0.615241947251123,0.0709613850546626,0.0329375684417777,12.99,0
161154.0,-3.38760102859385,3.97788074139497,-6.97858506511079,1.65776584508859,-1.10049973277578,-3.59948697320315,-3.68665071042962,1.94225222492139,-3.06508926692316,-7.50955747436829,2.98962640655731,-5.99363242425938,-0.164740077677312,-8.38844296921614,0.0421289980360236,-4.13750050093113,-6.1039030730781,-1.9729278028075,0.434072536887008,-0.0043005898337158,1.043587159264,0.26218867442789,-0.479223920984096,-0.326638199739289,-0.156938590387884,0.113806571374194,0.354124259953911,0.287592125204715,0.38,1
33443.0,-2.67390758030724,-6.7013222332589,-1.05130327783291,1.77851521490575,-2.710567874682,1.59722259360824,1.63400117029675,0.0129455644713171,0.721114290732449,-1.1969679253598,1.27418599240195,1.20769639883181,-0.348451242931228,0.245658059524377,-0.237218563770657,-0.194888726536005,0.525490866340581,-0.583410474345504,-0.654706173460776,3.78109793186965,1.04437787145264,-1.13809112311946,-1.5751763237139,-0.132154642613904,-0.768846881165082,0.747504866455353,-0.372233891363872,0.334852349953961,1948.68,0
121238.0,-2.62892199481027,2.2756363708417,-3.74536934909195,1.22694819658893,-1.13296649495042,-1.25635309994595,-1.75241984877631,0.281736387178617,-1.7923429718137,-4.82077941422469,4.17609762346479,-4.61900987976999,0.742689541505504,-7.63696288811138,-0.197887605182768,-4.14039566725884,-7.60471483249934,-1.52450539738207,1.27132193138436,0.133106474791523,0.870729582435536,1.26947278909845,-0.265494007565328,-0.480548610900827,0.169665130870596,0.0960810570397914,0.0700362725602789,0.0637683649579152,144.62,1
55862.0,-2.52586855556833,2.20260681912487,0.633063058362916,0.584093781378617,-0.668049926952702,0.20138281289038,0.207289471819885,0.336435871832713,0.751606042250082,1.59662294123342,0.533205436249431,0.604059370374081,-0.51618124694858,-0.172642258486432,-0.547823595218337,-0.450105354948366,-0.137874087895594,0.279327664306325,1.22877146134467,0.166092128105871,-0.191501043999871,-0.238654152170568,-0.115595078533184,-0.02480916880425,-0.158275754623097,-0.66932294254296,-1.50685203512526,-0.739474199332458,34.12,0
166238.0,0.0324324543352703,0.845049887711819,0.161689643179373,-0.798504315204253,0.695579342173505,-0.56511649398538,0.933764515599799,-0.0627159584904338,-0.349653334602418,-0.255273958239804,0.504579086049177,0.951402617133848,0.471139368956274,0.190258281346303,-1.12779570592091,0.194477602325314,-0.828441984571064,-0.184734453641714,0.349511782992854,0.013429508220609,-0.229609184889063,-0.49137382646569,0.001259200126344,-0.400305517337517,-0.451544137605067,0.143433739735541,0.246292546642658,0.0841993718879143,2.58,0
25095.0,1.19239598990768,1.33897371069007,-0.678876186687009,3.1236723071222,0.643244863589275,-1.18432299431215,0.397585526006899,-0.253498538261658,0.41113497684127,-0.859862301810301,1.124059382453,-3.76387384832398,0.367975966769142,-0.971757538368114,-0.0138825132357776,1.45757852763076,2.61145033447876,1.2919552295122,-1.56381522671193,-0.185454650142832,-0.377503243008699,-0.889596747960403,-0.0742075893964193,0.0354455164139561,0.550577974200231,-0.0271712789934873,-0.0249206212266212,0.0736053986634045,3.12,1
84694.0,-4.86810843844627,1.26441977404559,-5.16788542660662,3.19364784504611,-3.04562137708228,-2.09616609885545,-6.44561018266068,2.4225355920307,-3.2140554159387,-8.74597261185534,5.41604190908794,-8.16412507731485,-0.165010607208302,-10.1935303551514,-1.89521031032574,-7.36047460938421,-14.6687710766351,-4.87711900477519,1.38560952778492,0.66730977994879,1.26920538901712,0.0576572516592633,0.629307399675982,-0.168431773502721,0.443743902404587,0.276539471570389,1.44127396787951,-0.127943726430018,12.31,1
160791.0,2.13238602134104,0.705607819703042,-3.53075873641584,0.514779310643757,1.52717469821568,-1.71626826866624,1.13279092955315,-0.574214355395823,0.128903890816348,-1.00080505203989,-0.191190536963042,-0.323794189703165,-0.572455950927237,-1.42206385294204,0.314684199046673,-0.387162054366978,1.73474160368315,0.610975987993976,-0.221267207742386,-0.211167179112658,0.163739121720823,0.703910440133969,-0.24507615703343,0.460049173768465,0.920280992581626,-0.216585741807507,-0.026218563758315,-0.0250012963633226,1.0,1
166941.0,-0.109426265956684,1.03230983402302,-0.280256073435054,-0.933524682022156,1.00666413402593,-0.292103524802946,0.931028826263997,-0.0602994880066435,0.161932279603962,-0.112070202210729,-1.5662247021163,-0.0603618259283892,0.314826766467604,-0.0484114059688906,-0.306583664637787,0.12393663105389,-0.722705049709742,-0.503502712333616,0.179680826110874,0.149457025911503,-0.344933031889608,-0.775590945421283,0.0156999293743649,0.0242426288281354,-0.315214017906068,0.154659514250131,0.349009846275241,0.156525943737592,0.89,0
164319.0,-0.502019536644661,0.526279939710425,-0.119029091598369,-0.399464340760696,0.469798889396382,-0.183107102159719,1.23418395630604,0.0712592020998811,-0.0846190456477335,-1.49786802934524,0.874240319731224,-0.209692951726237,-1.56161501794147,-1.18788884763426,-0.755477746896715,0.0951476384910773,1.10492697596502,1.03378652767596,0.778697659410074,0.231409026774055,-0.051650399515049,-0.32475038101457,0.177149464708008,0.591114391301927,-0.240473153757943,-0.102682214282106,0.0904281706455169,0.196754760062656,144.48,0
31083.0,1.1573074512734,-0.233371611900075,0.704813551035567,0.273922778128199,-0.869233742092142,-0.712249246464237,-0.224387668064443,-0.144868061703919,0.530341571697231,-0.283324608832411,-0.400389140358934,0.702240304373703,0.763518914806905,-0.27366912737358,0.398998706824685,0.103978912594657,-0.174047843331038,-0.522011292573149,0.100172443322396,0.0704952852884886,-0.0338904536978155,-0.0370851492373689,-0.046247432281329,0.497558212450672,0.271447422947694,1.00597658625493,-0.0623265285471527,0.0184937188535965,55.0,0
150139.0,-6.68283191622627,-2.71426804459821,-5.77453045690806,1.44979237466742,-0.66183640822251,-1.14864974026029,0.849686456067088,0.433427022470355,-1.3156463890999,-2.79633153858609,-0.448793725596362,-2.56260240774572,0.243482526844698,-1.18166939064494,0.004372871675287,-2.3025956900034,-4.446191868553,-1.71046314846621,0.982728632705372,-1.92852719254856,0.22052629481591,1.18701320438743,0.335820816532534,0.215682964100827,0.803109991522633,0.0440333423786634,-0.054987627978561,0.0823370925160337,237.26,1
77064.0,0.44506675573307,-1.10422887749768,0.398425921744264,1.58144460129228,-1.12543906802659,-0.510577592608469,0.223956014347404,-0.127393764219507,0.348462583540594,-0.119688935167779,-0.594163347666949,-0.274648023510576,-0.654603228264369,0.374570344839098,1.34627022244514,0.523436062019576,-0.549183633742223,0.411906171965298,-0.758791187517623,0.616434968307163,0.386521811678223,0.238126845274901,-0.434047037743649,0.383651015254364,0.377323780896317,-0.290142113267844,-0.0369508124349401,0.097395561202135,397.63,0
5297.0,-0.682828337039278,1.25083141074522,1.50878562013536,1.01559461174526,0.260205231858725,-0.444914508894812,0.76967705960947,-0.382196756529517,1.18934348801225,0.133609816709407,0.939936941604546,-2.91603520135782,0.830139321058146,1.62182386086336,0.64929636839293,-0.831627576185999,0.855418575689781,-0.143891482025844,-0.264213071411622,-0.0006052221032395,-0.0100774873574029,0.437960086487633,-0.118214837743679,0.33518456177416,-0.423374032714616,-0.410847677542044,-0.165766041470405,0.0125971032472735,14.73,0
144183.0,-0.227491415203412,1.69537560610727,-0.162098005758597,4.38019082865812,1.38136565522698,0.367423671089,1.01160996326162,-0.234256099917932,-1.90510092762635,2.15100936370979,-1.28665612534353,-0.455807017646987,0.563964917602721,0.243139200171079,-0.236273213414241,-0.800631177689943,0.28513550540268,-0.316116977508999,1.43065407815553,0.146475981556112,0.112793203815095,0.600728337107573,0.153413101511183,0.686974335033421,-0.931873619499693,0.242178134579294,0.13045338473943,0.35524854027345,3.94,0
162474.0,2.20898293628937,-0.681052918571311,-1.63501885635048,-1.14529728279699,0.0739050417724691,-0.294587251241962,-0.330865006585548,-0.163077869342932,-0.822837696586692,0.927131740430615,0.736807279045356,0.447025928946078,0.762192355633771,-0.00128807688434,-0.967957556175217,0.889223123058092,-0.0297720183701329,-1.36567574228983,1.22272198942141,0.0413225140998791,0.0567241768376892,0.170114608467156,0.156932974871692,0.248333470871384,0.0446641200995378,-0.301646892903463,-0.0420209153333524,-0.06981565116998,13.48,0
149453.0,2.05796296012275,-0.383553031278584,-0.602480019072751,0.251409023114943,-0.251075895879827,0.018072769614538,-0.581465693608559,-0.0701122374372625,1.13598568787186,-0.0299624705927027,-1.68473170613296,0.723122150072464,1.6521064215511,-0.586873314365296,0.276802940194626,0.556659105799746,-0.934166257907453,0.168855754473364,0.113829279121811,-0.0704219476810238,0.109536467403563,0.608534187469692,0.0187714168904126,-0.908812854141339,-0.098676488574457,0.626277818559952,-0.0120970856090107,-0.0540336294340677,11.5,0
36250.0,0.920202361070862,-0.164416845514618,0.364340182673361,1.38457464721582,-0.521824099864234,-0.577707686227353,0.163998713606638,-0.0607335600376219,0.0939309290708848,-0.0094594123049049,-0.0702952371671307,-0.153499471849359,-0.994793726151281,0.599784408415192,1.28783576529524,-0.175906426750849,-0.015416276063241,-0.479399649022278,-0.990759964771578,0.0128867867365187,0.18558181117067,0.280866217421994,-0.140478090243757,0.383664724066327,0.477019510664299,-0.281313388959718,0.0046912560958333,0.0420249926281542,131.99,0
79820.0,1.44018169151996,-1.04968639016844,0.529533908565428,-1.37850539234096,-1.62871360573156,-0.819145192621325,-1.01413868204914,-0.101309591003842,-2.07457517249988,1.61305297655354,1.35146097524734,-0.284287295753507,0.0750958710461108,-0.0355014473402522,-0.113072819703193,-0.248454263403598,0.349718651918874,0.426990711077502,-0.0333108463180112,-0.320245407485236,-0.145961184438343,-0.104747805953682,0.0415331141032399,0.517439112554573,0.31585418778632,-0.237045324763033,0.0222185226439668,0.0142994625117469,25.0,0
165367.0,1.49484239181794,-0.834103103106904,-0.587230944847924,1.30496346487487,-0.41803640215111,0.291447167234821,-0.239887694946351,0.158858676388814,0.604690570008095,0.227320069365873,0.805370377644208,0.927721132273441,-0.299573047009198,0.329107137326535,-0.134412536521735,0.539000306257284,-0.8296387170098,0.297975196238687,-0.266592623673325,0.191958380319937,-0.0361868724013113,-0.55808173087597,0.236530404668158,0.624972567636986,-0.504761411555739,-1.05282728491775,0.0051222482784222,0.0083050950942553,221.25,0
119277.0,1.81336806388386,-1.59395351391978,-0.246803525435643,-0.945789336579987,-0.646955753780542,2.25795282682234,-1.84418370704439,0.768752075991441,0.5420241070597,0.577055703419997,0.534381457695334,0.75745898435153,0.450887636725672,-0.326938982211591,1.09833503494665,-1.35366831004199,-0.144630098442626,1.26853779717638,-1.66159661667044,-0.481879774926171,-0.0066006985060596,0.534120927878111,0.255370343144275,-0.958904149100074,-0.707737010890209,0.141695155151736,0.0994249521391726,-0.0311008917185398,82.5,0
102802.0,-3.4197006674398,3.87276690346742,0.841772145792816,3.19951255532546,0.697799616027109,3.19321510171359,-0.417968958357781,1.0246319176237,1.64876815693729,5.07581160144947,1.96022235460685,-2.53659766969103,1.87413114053012,0.759443535214882,0.928718277310206,-0.438370204864001,0.900549693704011,-0.265504834824337,0.0038509029056758,2.01524993079493,-0.620015370619119,-0.616121272778536,0.0529586926708024,-1.11947826312848,0.4119075474179,0.325172245649474,1.73406827130373,0.918922124230328,0.76,0
66484.0,-0.848972680160124,0.941771896773746,1.56008905151131,0.24850506890855,0.37568675074126,-0.549269384529048,0.552818814403784,-0.178914484062048,-0.579894321828814,-0.168148219860413,-0.811168778839411,-0.280411737722037,0.346946940945087,0.084085344971895,1.26689036262257,-0.0775849579216758,-0.285699778776806,0.139099924561648,0.845646144780336,0.0464822783387716,0.0929187607297592,0.215940698191995,-0.445539080955261,-0.0540718992348974,0.391763001367524,0.568058991477652,-0.242075095743687,0.0910422190459957,2.83,0
94952.0,0.842025258809961,-0.365518405631879,-2.46406333105633,4.82088596439253,0.775505434320733,-0.614784604613805,1.36802439952459,-0.526261741999926,-0.121356446796038,-0.357616193093852,0.637766685379952,-2.81888227036892,2.36059541417279,-1.10869894034456,-1.44995109474769,1.57373987380152,2.20265154365361,0.800471466568041,-2.10358290329291,0.944915098074741,-0.110621878759425,-1.25780002613606,-0.324418362936717,-0.420020001036393,-0.219501077925226,-0.268872635957687,-0.144582319033867,0.104464060190998,571.48,1
65035.0,1.45139347316011,-1.04592907853102,0.822517057731046,-1.40486048748799,-1.78329447919882,-0.716117302366163,-1.20421932251175,-0.0210171528093791,-1.96038981730894,1.59444921535243,1.39380203210307,-0.271940399905881,0.0624625972094175,-0.103600213391545,0.0770470487599479,-0.0355165873073387,0.268202954443694,0.386988375272348,-0.0230441988990556,-0.348196570282327,-0.309880006294202,-0.587531584449001,0.19961085964464,0.480289893255573,0.0638069346787738,-0.438930788398442,0.0378367494677145,0.0204510612554169,9.8,0
101313.0,-25.825982149082,19.1672390103062,-25.3902293121699,11.1254347149714,-16.6826439195391,3.93369943022963,-37.0603114554112,-28.7597989339836,-11.1266235224579,-23.2282548357516,3.7859770496129,-10.5224940129243,-2.65749636392801,-3.79279543594993,-4.49894467676621,-6.55787310177539,-12.8672447953713,-5.80459047549908,-1.25446534452587,7.90737812724062,-16.9220157786505,5.70368400806478,3.51001884069223,0.0543302268964685,-0.671983312405663,-0.209431359115655,-4.95002186384908,-0.448412770754799,2.28,1
139023.0,1.70920935726675,0.921867399813143,-2.34924607679059,4.26335224568218,1.16486268837251,-0.712155343860363,0.730886170667718,-0.102934029846534,-1.35404444370901,0.352714478020412,1.24588777021084,-0.728203313728115,-1.70737225165298,-2.26243383346169,-1.56841444534803,1.49997110571338,1.82809321735281,1.12000176551612,-1.57780826833669,-0.131917916956881,-0.0921484337821365,-0.422369417536985,-0.008842297446483,-0.300788819835671,0.0931304436658251,-0.0027258046454911,-0.0490806688161396,0.011047977802089,91.01,0
28692.0,-29.2003285905744,16.1557014298057,-30.0137124857248,6.47673117996833,-21.2258096535165,-4.90299739658728,-19.791248405247,19.1683273897301,-3.61724178604255,-7.87012194292549,4.06625507293473,-5.66149242261771,1.29295014454242,-5.07984568135779,-0.126522740416921,-5.24447151974264,-11.2749725851252,-4.67843652929376,0.650807370688892,1.71586182428358,1.8093709332884,-2.17581520342142,-1.3651041075509,0.174286359566544,2.10386807204715,-0.209943999130567,1.27868097084218,0.372392714338541,99.99,1
132221.0,-0.811506679188981,1.79111599543344,-3.21034700868162,-1.30753437785447,4.03594573528172,3.02016095757218,-0.261803050528635,-2.01188350476979,-1.00072140074392,-2.01716975046735,0.536060799324063,-0.471578809355447,-0.921269507854169,-1.94426749669334,-0.054843148383079,0.37634726866302,2.17911002274022,0.565320404028047,-0.741689715111838,0.560783637022824,-1.23718084394669,0.341526382419892,-0.415715804855961,0.516406493108222,0.328452837282603,0.674368222442908,-0.301695566617504,0.0910847430252288,0.76,0
34634.0,0.333499490680108,1.69987344643198,-2.59656116696059,3.64394526899047,-0.585067615145778,-0.65465853161144,-2.27578851019488,0.675228968561644,-2.04241592376479,-2.83487115980611,2.80200512615164,-4.39273243849001,-1.36967144973756,-5.32728665168661,0.16315896154,-1.35938947657172,-5.09518287931609,-0.338012656200231,-0.124137989024621,0.32934171405761,0.469211944535006,-0.144362651206432,-0.317980934036568,-0.769644309522666,0.807854587509663,0.228164299217237,0.551001873896763,0.305473419992231,18.96,1
75725.0,1.223034914305,0.255391679696322,-0.410596737981145,1.12171892558769,0.516017197375104,0.50240158016923,-0.114661381480339,0.179935030526173,0.649593649317328,-0.681341868529104,-1.52545247016586,-0.529348260511183,-0.732257004819427,-1.15584632739084,0.396959791515879,0.254131283078424,0.683874021145705,0.0948305131052544,0.0410383700263831,-0.137748055391261,-0.389798447125668,-0.94940564264266,-0.133084334393501,-1.46027050506722,0.604900022941461,-0.407596711149728,0.0606021512880488,0.0361158933844978,16.73,0
241.0,-1.14232093108918,0.626404913442672,2.52691695277591,2.82797270628491,0.619263138091294,0.897473007435987,0.536277597522659,-0.0601631574142597,-0.813748587350364,1.42685913255743,1.20025966772766,0.0942292907655487,-0.633967682355432,-0.321429686954772,-0.117594042411491,-0.722018602060958,0.241443965806781,-0.264653094872861,1.22959148054341,0.263685556196764,-0.309746479413163,-0.269173011558445,0.177396349600755,-0.0195779129856252,0.0486506379621992,0.068830507176749,-0.24650275162834,-0.230836924381726,10.62,0
46240.0,-0.504114984544268,0.258373304438679,1.30373465613153,-1.27149685228776,0.208321005430397,-0.0398593440766849,0.21898252118861,0.299791396807454,0.0392610348880319,-0.567592257530486,-0.240346942604364,-0.984256984453272,-2.16428928771975,0.550443476717004,0.257699855382379,1.31392506818342,-1.20725313379479,0.850053353254952,0.195115750927066,-0.117845342125254,-0.111660606832129,-0.609393804797012,-0.0332619243272446,-0.883848859269061,-0.61529958698202,0.652868946972305,0.0154505947353611,0.112184449739958,24.72,0
145210.0,-0.120597156273332,0.469781383166897,1.22103850493155,-0.0190775754974485,0.0915574083534696,0.0369100386054697,0.13592512028631,0.183019423544948,0.453848971601878,-0.596475034173662,-1.14145567948264,-0.511590839769263,-0.951584192489729,0.16199330197848,1.0606161860668,-0.24171874678423,-0.143930939453174,0.207908594859409,0.903933062337829,-0.0259627299036191,-0.0745117649852035,-0.190257448604701,0.142750785130326,0.612989749941895,-0.94553568593259,-0.549607346925942,0.233887558357136,0.218639276472762,9.97,0
60440.0,-0.997157379555245,1.25755819863272,0.626218740440638,-0.164192349602247,-0.116591706561833,-0.122209392178255,0.0238432913689313,0.786604909953491,-0.297184842613741,-0.242868217662484,0.935562677894048,-0.350940106010462,-1.94790360081826,0.436972160697332,0.676675364902069,0.584224571100947,0.194852900429397,0.292963790491653,-0.0577226858132946,-0.0084114324841815,-0.217760281455295,-0.729494429392162,0.0488378849507947,-0.420200855546677,-0.215415835673438,0.11829637292081,0.229447972918503,0.0693928609556405,9.86,0
77230.0,1.16095677944219,1.26562134412589,-1.57647298025721,1.47298796375446,1.16217269118593,-1.01353235694257,0.658132826805829,-0.152623808873519,-0.847325937437016,-1.45249858044069,2.89392310118071,0.774149213595931,0.663505807827049,-3.33372064335903,0.523297806483319,0.897811290248433,2.68261263852543,1.26931414649474,-0.912261753152464,0.0024655760993466,-0.120364505513678,-0.204996852830505,-0.20318909502825,-0.282171529618779,0.785278136607787,-0.284957991484837,0.0583991252306462,0.0854358810909215,1.79,0
132766.0,-1.37695306563945,1.00810734415515,-0.47874635346408,-0.351904423915644,-0.89364538917712,1.28184982558935,2.93300271267419,-0.579043321438225,1.1002851133899,0.337892033311262,1.08710981015992,0.930889522486273,0.301229159298353,-2.44119003634122,-2.36961231424523,-0.301629910571213,0.571681084363017,-0.238501598308387,0.379675601859698,0.22504217129253,-0.830769340479459,-0.703970919200713,-0.173472227250443,0.666928456635281,0.221349716396324,0.0499051380519497,0.688174803974421,-0.130406029406172,431.24,0
126241.0,1.96756072681683,-1.21279582219431,0.0053616344078742,-0.465615510880619,-1.41582022307466,0.0614677899039609,-1.32918787767481,0.146808480857813,0.046212400647247,0.932414188420879,0.359942450091996,0.773066240002718,0.742163874111264,-0.340976186859302,-0.055857225132859,-0.54420472822621,-0.769763475899982,1.96016299708483,-0.694548479584381,-0.442373521975622,-0.255835146352058,-0.246726765895324,0.300866413929956,-0.341804386512154,-0.706497338802141,0.481806427912871,0.0022024964774577,-0.0369230365027869,59.63,0
164036.0,1.07862927784218,-3.30959883981807,-1.63236728518452,-1.25512694375117,0.10985362938952,4.64222990488466,-1.5940504702544,1.12631235310226,0.881582762355172,0.264940313085133,-0.840966449985159,0.434321612226044,0.230967824695042,-0.795056668792036,-0.602576224903332,-1.52241401263456,0.227130008341655,0.838221841986915,-0.632918596106386,0.52368121384836,-0.173486815883828,-0.875646464197824,-0.0157230110008511,0.77439080080145,-0.869008804503325,1.12708324939624,-0.0846661787551168,0.037063882488392,514.9,0
149676.0,1.83319104756006,0.74533277919767,-1.13300871289587,3.89355597724996,0.85816381687158,0.910234501320998,-0.498200069408129,0.344703185766382,-0.667939095579291,0.398155064675901,0.613867739096179,-0.0225614827826197,0.452018065249222,-2.96920095585607,-0.964967034325346,2.46444980239245,0.671240576431668,1.92102109165871,-1.61692658827377,-0.0855787549071908,0.0392894902587427,0.181651614823537,0.0729809106352829,-0.15529884930206,-0.149891395375819,0.0127924878401756,0.040853819187149,0.0229031158842699,17.39,1
8528.0,0.447395553302475,2.48195386638743,-5.66081393141405,4.4559228120932,-2.4437797540431,-2.18504026247234,-4.71614294470093,1.24980325173147,-0.718326066573691,-5.3903302556601,6.45418752494833,-8.48534657377678,0.635281408794591,-7.01990155916612,0.53981407134798,-4.6498642988132,-6.2883575087823,-1.33931232244731,2.26298478762517,0.549612970886705,0.756052550277073,0.140167768675,0.665411100673545,0.131463791724986,-1.90821741154788,0.334807598686864,0.748534284767756,0.175413794422896,1.0,1
136454.0,0.28208943956073,0.828537257247369,-0.585573598129349,0.867551387723401,0.836341566927262,-0.448920064382171,1.23948313562231,-0.346021140293513,-0.895492722578509,0.176385359502364,-1.09276758637827,-0.736373252643164,-0.599907830402884,0.801196183838131,0.995240204237067,-1.64110107516569,0.828817585241538,-0.0957515982523165,2.96042991370102,0.298317195855276,0.222509121318598,0.761558046572443,-0.161697483294072,0.679420987305584,-0.34620872722892,1.16641304206941,0.117198732068303,0.183382080768536,49.5,0
152307.0,-5.22296817637504,4.64182734988813,-8.85820420925725,7.72350199432307,-1.50703495625849,-2.15948357376289,-4.20516409588397,0.979334284202064,-1.50563737438727,-2.23906626105695,4.23139330449617,-8.49348798082106,-1.09281084673483,-13.2375585139603,1.1840864824863,-4.18641517783122,-5.49253578625626,-1.21610811302066,1.04610451099676,-0.176673248133323,0.561892173950775,0.624206816460912,0.536428910734314,-0.628333712411096,-0.222651230551295,0.382208361920644,-2.6930356893785,0.407935125898827,1.0,1
76627.0,-0.304311807023811,0.94757774201131,1.4827876971416,0.786227416978078,0.339347763140424,-0.0591975228895093,0.71860019560977,0.0404512495971421,-0.337144985645159,-0.562504715505505,-0.607646544107593,0.482597991481359,0.281967909063084,-0.146550235108406,-0.360257429866872,-0.836982721460571,0.249960538464453,-0.875643136338548,-0.228691724871602,-0.122365135631351,-0.0288834703144319,0.151610061886333,-0.219457215263165,0.101185411196953,0.241546511706282,-0.354059377301034,0.0707654780998596,0.0216257964619167,1.0,0
54213.0,-3.86656293905068,-2.69037585851636,1.38878392383458,1.75548935743247,0.430893450752379,-0.260271986059278,-0.012602088865418,0.505503638155719,0.0983256802215726,-0.666919922578831,-1.63430704832657,-0.382233907230471,0.0963961663737102,-0.0872911552183537,1.17303882898161,0.498985207270475,-0.349231599508261,0.827272145932297,1.09992781793648,-0.487313162531288,-0.19355923392804,0.350794578556784,2.64208171654772,-0.503063463408974,1.07364228936062,-0.0978869359919745,0.38355404041621,-0.366949886548289,248.94,0
128285.0,-0.210047273945377,0.217979827812106,0.0512067766065941,-0.68538442775889,1.22774837341181,-0.862673719795951,0.679944154179379,-0.0732433649948267,-0.361445956474653,-0.369827698540688,0.444536439289916,0.912888623700815,0.247390132625921,0.357078664091409,-1.22913252249294,0.0921105885120747,-0.789327501108632,-0.208146279064525,0.240459178417129,-0.0438431514519916,-0.0278566298528446,-0.146691350592455,0.271102849075451,-0.390687763834134,-1.4154760707972,-0.0287829812489452,0.194172231861283,0.262076458614878,9.57,0
102318.0,-1.02063166582361,1.49695912243222,-4.49093711758335,1.83672705849852,0.627318467501556,-2.73556861001066,-1.54627364241291,0.459821576439238,-0.68274140597399,-4.36310219273296,4.28702087961434,-5.40376835689762,1.26026230900043,-3.08774290682652,-1.31748806297981,-3.53705628406879,-3.17202752176385,-0.52988508450368,1.01162645030639,0.443488532055906,0.773630966413973,0.86061818130652,-0.304666447555476,-0.155499583027691,0.41216629075428,-0.220079647308722,0.392337584118175,-0.0200894870934853,22.04,1
27784.0,0.288028928428076,0.965681439446855,-1.45949519977085,1.92186300234526,-1.91241402974899,-1.13028190025527,-2.81426265960526,0.648663224885543,-0.695262639845074,-3.46568908576121,2.35161910622909,-3.82670531942496,-0.767569849115369,-4.8528669146236,1.66486300420352,-2.61736133003734,-4.83555830647772,-1.92175160139324,-0.385884175181753,0.330916894188196,0.603127128021142,0.380690182113136,-0.0641251755885565,0.271380100640141,0.33721953478356,0.626155869423677,0.565124825956713,0.305925255390835,23.36,1
102542.0,-1.45687631770562,3.74030556080113,-7.40451844591174,7.44096403590735,-1.5498779534738,-1.66169686169337,-5.75721301357641,1.61501101078404,-2.19488072574389,-6.80713525144464,6.82579316213884,-10.3997491177692,1.83644883978883,-11.872845098188,-3.6423925983095,-6.0441031440521,-9.75077638654123,-3.11637225405711,0.0653171492484702,0.529557330911833,0.957897451629944,0.145339479676781,-0.0447039008346728,-0.544961671329029,-0.757756535554721,-0.005352369235898,0.318152285707546,-0.323553622642371,2.28,1
151916.0,-5.48803217118325,3.32956068110382,-5.99629608663308,3.6017196361428,-2.02392603601173,-1.73739347660971,-4.39685932040737,0.228394067739377,-1.67588392283112,-3.99178463209724,3.73703768128326,-6.15018666957144,0.28873807103962,-8.76069451926062,2.3446511946564,-5.14563785073948,-6.29347862779442,-2.13718660093444,2.99524475453849,-0.551121114938378,1.71963125994928,0.343209160294469,0.133583641611928,0.833339534034596,-0.839775663207077,0.502009639296227,-1.93747284570186,1.52121837279368,0.01,1
28658.0,-28.5242675938406,15.8769229879536,-29.4687320925264,6.44759140152748,-20.7860000418837,-4.86561341755669,-19.5010840750712,18.7488719520883,-3.64298981925263,-7.93964241937325,4.18467368942509,-5.83507521523889,1.21595964527928,-5.33014378246253,-0.118631138153322,-5.36777527618834,-11.4317569116986,-4.69692444373293,0.69268841200477,1.7068890619925,1.80576978392608,-2.11937616760819,-1.31744962200248,0.169845630469178,2.05168733506275,-0.210502000459411,1.30173396497076,0.380246181418509,99.99,1
67703.0,-0.344444228491834,-0.430952630904701,2.51678452014571,-1.02811233873233,-1.1944696593931,1.20652810613799,-1.17004610224131,0.608573626826675,0.0746999518860542,0.0884810096929745,0.214372230551019,-0.0597211596338832,-0.711821361081144,-1.21666853287196,-1.93539537726678,0.483504521382273,0.843140228369363,-0.980080088038001,1.19141062881486,0.0151273627953859,0.279300660136347,1.04510275701416,-0.258299198384574,-0.249542732448678,-0.051960651384337,-0.0645832074047298,-0.0165787254393188,0.0128385942421097,1.0,0
64905.0,-1.37443004442329,0.283203969247135,1.47903738760691,-0.185899700279648,-0.0673725635308104,-1.14239023963955,-0.190013306686873,0.492255421480155,-0.920596299683137,-0.589886900421184,1.33180035155625,0.441788790600335,-0.683320572052307,0.92502601571693,0.630232341280042,0.121550249191919,0.0896335725570397,0.168238884783739,1.26219684615866,0.173905490024989,-0.0088891785830605,-0.514900751284615,-0.117011958066662,0.571735085893765,-0.0724195125298739,0.947451541082315,-0.147524719041225,-0.129691718045962,1.0,0
168543.0,1.91238133634808,0.0535093979504338,-1.57838060050908,1.32596463027957,0.386082751195275,-0.866748923276519,0.57211322379801,-0.272528152169146,-0.0291762456384415,0.418115895641417,0.758821905114858,0.906638019823129,-0.61133440755561,0.794082292698536,-1.19295355035971,-0.551053395781237,-0.331124674145517,-0.154328864671735,0.0246869153100427,-0.238911559376397,0.125351525272224,0.463036517692407,-0.0314714800055325,0.0182925168168574,0.395294426207743,-0.515020397029763,-0.0266076576850417,-0.0658303756229975,43.41,0
46288.0,1.19565504810002,0.303986651793274,0.17678095400569,0.931818331474151,-0.0108862961143356,-0.434557456709523,0.1719138898517,-0.105428458202911,-0.353032475922028,0.158531330463264,1.12129648728196,1.10901306949624,0.611274320390736,0.442521509286443,0.174968645130406,0.312898951180948,-0.831949363429533,0.375265527234364,0.0331787849580174,-0.050460889731726,0.0741724130433884,0.223069431000318,-0.172973273951692,0.0339118934758298,0.71729466653609,-0.329288565720364,0.0107983869128847,0.010875225704414,19.54,0
160183.0,-0.633281109823079,-0.846843192888548,2.29330442683427,0.238105125887956,-0.798162749350947,0.74837412535753,-1.17015060919449,0.395006930020656,0.614843572618244,0.0757723552776566,-1.94442496676893,0.716746432525691,0.891399654513073,-1.66667929687443,-2.35710112674832,-1.85305175969104,0.111280430793239,1.49284501814641,-1.22743060582818,-0.679685235885511,-0.0743452052180365,0.810156136826847,0.0574267373108867,1.16646958412018,-1.1558486657781,-0.725232343866038,0.365684314956356,0.26559388886412,50.0,0
27187.0,-24.5902447690465,14.0445667815106,-26.2787005866145,6.32008926518927,-18.2245126736673,-4.60996782569686,-17.6810033715155,16.2136267471409,-3.79409346877414,-8.37275316035861,4.90168265513877,-6.87283866404082,0.769776762734501,-6.82658448658054,-0.0544341798176028,-6.08495266503583,-12.375270529796,-4.81034474126699,0.936742237936608,1.64920202229571,1.77706277243531,-1.80487368611576,-1.14060456917063,0.152234466415679,1.71599702403257,-0.22047119903665,1.43495058143483,0.422491857762666,99.99,1
118696.0,-0.0187530491336509,0.748125626786121,0.0434878136372554,-0.682698106657862,1.11226964341685,-0.493187719328278,1.04153280110427,-0.121773355999906,-0.150120213865274,-0.654887760423994,0.86149662439488,-0.491841966346324,-1.97364809882957,-0.550804377271648,-0.716083849191766,0.348321193736704,0.242415490623881,0.408930467960491,0.124444901220986,-0.1370598995995,-0.231899193243913,-0.571973868312087,0.0786586138552498,0.563399225146074,-1.06483690241165,0.0008954727622843,-0.0206059389196744,0.0020234065004192,1.29,0
136087.0,2.03708484869576,-0.523847557088687,-0.65794994105175,0.395065777980737,-0.349980992078105,0.215923682093754,-0.789673368172696,0.155616153539624,1.45986318407005,0.0618001805457699,-1.84950901685822,-0.557500024996554,-0.939293211525572,-0.0629291172401967,0.560219058973027,0.592907869838516,-0.711052471578556,0.448203847394336,-0.0429245427081534,-0.226415096467352,0.103172761209367,0.429238898022728,0.120525435993632,0.0978989563307917,-0.171934353831001,0.398345961669772,-0.01917867201058,-0.0464334022647064,9.99,0
62888.0,1.20544338297549,0.289451215514098,0.741620056716745,0.746449665317911,-0.682445338242212,-1.27686764289871,0.136545507170455,-0.28482763971325,-0.106272096358316,-0.0928539979788115,0.388966130830033,0.944906247802881,0.974313204836109,0.123923488835983,0.911656537842453,0.113381714066371,-0.271921864830932,-0.806430204011816,-0.32778431333547,-0.0435904277121079,-0.208168891889414,-0.589664842310856,0.185182789180019,0.933687280522431,0.168354562920644,0.0580525765964894,-0.0251967177968592,0.0276456871171451,11.04,0
120307.0,2.13172850866795,-1.69799083883406,-0.362026359196967,-1.64135236707311,-1.58924571481718,0.0702493712828544,-1.63742599120464,0.166082582418235,-1.06840741264091,1.66017037015848,0.694481143844459,-0.267078776514627,-0.0083891176119636,-0.387464721118122,-0.437931979326898,-0.0005787706765371,0.167722004350934,0.471351995975385,-0.004084837156214,-0.345080735185779,-0.249772113421755,-0.405266683621934,0.43540245654861,0.632863719592006,-0.656204123858019,-0.466259275582631,0.0296680641689479,-0.0304589789492915,55.0,0
134435.0,-1.12694971426632,-0.399043431192449,1.19216931045993,-1.13443111652448,0.279517456786882,-0.0679073706686409,0.213379985595184,0.0152715203711149,-0.825745807961239,-0.145362051936295,-1.54478960187093,-0.810891160178278,-0.456591530419254,0.0230733416743188,0.629392840365598,-1.86586970868728,-0.0373019033538426,1.6494919973582,-0.203221650457926,-0.397138610726872,-0.316463803931079,-0.50611153365124,-0.259787490377409,0.354918099325531,0.688721093623699,-0.46811204521904,-0.0364083268752059,0.150673367878647,90.0,0
124505.0,0.515553041374051,-0.682919350829677,0.255157785018185,-2.82937577576752,-0.0876348611485314,0.0728724342117855,-0.0959370628098308,-0.187901026119723,-1.92200386124184,1.28235043157865,-0.406548315299127,-1.06050705370883,-0.0071553610139554,-0.504275595487604,-1.17266425616715,-0.220114869429665,-0.262247712087066,0.76094965957521,0.305741625079988,-0.320118614068797,-0.162973373801851,0.128236834632012,-0.183198268295066,-1.19156680802552,-0.353964731061061,-0.209013334808901,-0.0864977783445812,-0.202748136920392,15.0,0
147165.0,1.3646235504762,-3.05154330777863,-1.12731826511668,-1.0368810152607,-2.26107410800738,-0.805926141732734,-0.751214364894971,-0.23043445714541,-0.781912302076994,1.39490743123491,-1.35267992051846,-1.81687675000423,-1.48441122223547,-0.0347743796478232,0.207621107732083,-0.288657864571828,0.5770078409894,0.34826620276802,-0.36103509407069,0.39134663591415,0.119246254744803,-0.290139803186803,-0.129947664642798,-0.0047267010068442,-0.526473440986197,-0.222278665493033,-0.075563882412002,0.0334588384200246,487.0,0
53727.0,-1.64927881611351,1.26397355628777,-1.05082567399718,2.23799063903423,-2.52788923751396,-0.889939993137591,-2.35525367110661,0.85465864123984,-1.28124261677782,-2.70501138232752,1.17447506014201,-4.38191956749248,-1.22666589816604,-2.95382425341893,1.99416119386347,-3.30425391022094,-5.58579436647491,-1.64370403169872,2.11863332532912,0.0874063699474628,0.679176431149171,0.731907051356776,0.333045475501739,0.392505235969248,-0.274197297543759,0.802348667525187,0.390808552793314,0.11214553148245,112.45,1
148465.0,1.88147752223817,-1.42468105118869,-0.96161089513352,-1.26536145238004,-0.112058107350376,1.72140455305089,-1.26528281967966,0.562286935324195,-0.1128913137616,0.710464929456466,0.930545182055951,0.125317265624846,-0.0602844855049329,-0.143802008531378,0.416901711412364,0.833922194707273,0.44425724752707,-2.05067374151029,0.089046261768601,0.0880972292299094,0.0854240131896538,0.0897511270783758,0.337990541772113,-0.977354242738643,-0.673921773928114,-0.411651532420521,0.0347305671940736,-0.0466461020077992,96.0,0
136477.0,2.01912000877887,0.212323245442363,-1.8640058499241,0.438014560298126,0.636515768311063,-0.791344572241432,0.355041806210065,-0.300760793468786,0.534807037012181,-0.653993402662188,-0.485733983819266,0.773415930289313,1.14782332053437,-1.14218528168756,0.242832711241195,0.116932744019961,0.447703244954516,-0.119231143854257,0.108821578464643,-0.0492347303471741,-0.320666418030423,-0.79338060233364,0.235014549002425,0.364961340629306,-0.0261217427038225,-0.60688186600526,0.0014542036307611,-0.0113257243703673,29.97,0
160895.0,-0.848290216565114,2.71988211593934,-6.19907019688041,3.04443718621919,-3.30190955339712,-1.99211683590396,-3.7349017657824,1.52007897310233,-2.54878817321614,-4.5335154033258,2.28802174654208,-5.26720466981905,0.394799950425324,-4.28799577702192,1.31527946674202,-6.46918689069948,-8.71392005149206,-3.7050697432532,3.53100289778427,0.319576271337295,1.12522925908799,0.805257864895713,0.199119186483276,0.0352062006310435,0.0121587630161963,0.601657823317562,0.137467682324392,-0.171396981067706,127.14,1
84136.0,-3.36075590945901,1.4260828037032,-1.03236766125819,3.46678153611518,-9.99410023829002,8.24426684165549,5.45257765341116,-6.47631715778502,-0.88644939129177,-1.35324639195409,0.0250734888133422,0.913412999168539,0.330427203284195,-0.440795894743043,-1.82466905627946,0.753957275873358,0.660835505488329,0.401031333834313,1.71999865650842,-2.30414446827867,0.743210580550616,-0.436449599139563,-0.650739125688653,0.235769112111975,0.0943574189151053,0.419342234981729,2.03867819414038,-1.01802136870055,1868.88,0
126621.0,-1.58018897974246,-0.982365774608878,2.31759917855558,0.54064860218644,-0.63118673799253,0.151106390404683,-0.263976814906078,0.156453234545408,-0.876439883986293,0.372110964894735,-1.37378474024248,-0.865596762107636,-0.233628425902943,-0.334766110364959,1.13046581293692,-1.33388677220507,-0.075712045845858,2.00990701534517,-0.299768850151738,-0.425885325255741,-0.301586810265521,-0.233904508417546,0.472782333565077,-0.177780635491741,0.348317788629303,-0.40220374368277,0.125883037668811,0.0862959781373316,138.0,0
127134.0,2.03492687892745,-0.129807055624538,-1.95196718199351,0.296300859568388,0.709965518107699,-0.284826503941709,0.334060802865942,-0.139358927375479,0.184940946556693,0.293542023370123,0.333876251105507,0.603397281509684,-0.609312392427073,0.686799710634406,-0.981174289599523,-0.255968737401048,-0.449233579281882,-0.149264663043037,0.540232804037194,-0.191345448886062,-0.0006693174717195,0.0828532473451279,0.032051522739211,0.258219624144853,0.229010922144662,0.359000313307026,-0.0958846601499922,-0.0800617297671029,23.74,0
46057.0,-1.3094413460044,1.78649494921925,-1.37107024042555,1.21433549160762,-0.336642221570741,-1.39011986486896,-1.7091091066305,0.667747590382643,-1.69980879955917,-3.84391103993778,2.96259879138962,-3.95604520140947,-1.53923191944683,-4.63463139323434,-0.248403490673103,-2.05855138409951,-5.63549400383391,-0.775271204300359,-0.23930965408033,0.253464129147281,0.533521286327158,-0.0221799534199139,-0.299555851230085,-0.226416167090146,0.364360460778096,-0.47510178544057,0.571426303828437,0.293425836896259,1.0,1
121592.0,0.189657046656375,-0.694284408026982,0.881588911890199,-2.12680333301768,-0.483190087140143,0.734407174408488,0.189471625149096,-0.0523047535452775,-0.83639592004159,0.311152117202867,0.630490112260051,0.211637207742545,1.77457570446385,-0.966396364783176,-0.159674255385779,2.04381270836211,-1.02350881712777,-0.209926329279096,0.474176526246748,0.577536811433765,0.384547902908022,0.921169356105637,0.307054052350914,0.10082206124083,-0.550234405178227,-0.408234863226372,-0.147508669324261,-0.201284037538143,162.81,0
65936.0,-3.5934760029271,0.78144226309285,-1.82244751422669,0.605760683474701,-1.19465586719981,-0.517194856719497,-1.72252312325165,0.128889523769538,0.0149633080909052,-2.85611682977408,1.61826162043188,-3.58137450130299,0.623706919914784,-6.16045662030601,0.494733399107095,-2.54310504010287,-5.30127339068683,-2.19271270602319,-0.09472379272847,-0.478219313417121,0.351792125839819,0.391248950287018,-0.252874890557857,-0.498042480147132,0.0101721931231225,0.909928721553306,-1.47876724603751,0.722673039450917,101.5,1
58126.0,1.11364972638096,-0.233325147374722,0.47843285180741,0.628399639710172,-0.389930744525512,0.310200582469071,-0.368808665706124,0.287030354383306,0.506713494849907,-0.0522167753187611,0.729579389962081,0.387542966504827,-1.51886909665796,0.382524942535961,-0.401047223571831,-0.115126833152518,-0.0107625627219663,-0.388758558780439,0.278240457580612,-0.173283094130569,-0.24354886838843,-0.657439099516874,0.050648245969586,-0.317369626395549,0.22047976464362,0.215309459088976,-0.016968229557337,0.0012214981762147,29.99,0
28726.0,-29.8763655139763,16.4345245512223,-30.5586968214292,6.50586178736296,-21.6656542956569,-4.94035632949796,-20.0813910746494,19.5877726234404,-3.59149104711596,-7.80059820772759,3.94783971729026,-5.4879114860488,1.36994034924206,-4.82955244300835,-0.134412095441135,-5.12116240451142,-11.1181904509172,-4.65995586983801,0.608930080519071,1.72477883837961,1.81295397464878,-2.23225158753151,-1.41280344282556,0.178731069561437,2.15604185816706,-0.20938462411377,1.25564890085966,0.364530452975509,99.99,1
102671.0,-4.99175779387947,5.2133398229232,-9.11132629809104,8.43198635177602,-3.4355156720863,-1.8275651016855,-7.11430284412379,3.43120663145462,-3.87564287029742,-6.86850850672582,7.15062516950116,-10.2629840447185,2.73308493575221,-10.1275247811671,-0.262783621001749,-5.19027103814098,-8.6557110398096,-2.02444347438745,1.5604792800844,0.0981321924634143,1.18942283937597,0.247858476295777,0.294448330047117,-0.548503502162266,-0.174616566570794,0.406702503092405,-0.40233927269736,-0.882885795448957,0.0,1
36188.0,0.848679935804661,-0.749387618633821,-0.0801858933269096,0.343576797478756,-0.807018416671299,-0.880018817052593,0.244423402583562,-0.1044153546436,0.212158296618251,-0.060581075168387,1.08736336187348,0.130737749396936,-1.91285625819555,0.763116031815235,-0.397037944178341,-0.0509077526287513,-0.0156265835797072,-0.0728510326172632,0.457559367703808,0.209570638368789,0.0800567881246847,-0.205492155097214,-0.231007034991861,0.590074407399914,0.355741772221698,1.04462998076455,-0.147156990380365,0.0163385636118264,207.0,0
170558.0,2.03729401754756,-0.473087274542781,-0.71395279899741,0.248656608742151,-0.247167841695713,0.215596180344071,-0.706570477961134,0.108877908344667,1.58737852601678,-0.156473116097762,-1.76461092987039,-0.08131385247047,-0.256163546211699,-0.153561992489444,0.630305399288751,0.343233920850808,-0.764001014616634,0.540536675958515,0.0638789657975271,-0.200315696814572,0.132941959562287,0.581017108363455,0.0687005598055454,0.0416901296004975,0.0040241235669086,-0.201199081304039,0.0323723443119209,-0.0379161872484081,9.99,0
158302.0,1.89894999695268,-0.213970797999707,-1.32196760857124,0.420770488936868,-0.0337312053853941,-1.19299250241792,0.381446074112089,-0.449863214930225,0.452744874451385,-0.0695705242129999,-0.45526262097222,0.924375922168442,1.22440400998495,0.256337673932392,0.708262313016045,-0.280264143935516,-0.526825387206487,-0.23330514013598,-0.361610801487403,-0.0057934443846534,0.329611109369981,0.991642892088496,-0.0814541614229547,0.0604704951044995,0.246163847289206,-0.111550749893442,-0.0215411904880862,-0.0409082633219946,86.0,0
167496.0,-0.629820944461574,-1.10883709769699,1.9664579001179,-1.06888109408847,-0.88587431477891,0.699480458847933,-0.364476740191097,0.284844565018826,-0.246215535743421,0.297237905166168,0.260114367805838,-0.797054513111082,-1.50447994761859,-0.115112926884902,0.716838781747853,-0.862950335413103,-0.694598199173748,2.90268898601438,-0.712832666109556,-0.0462257089780003,0.0846387181697726,0.46965408366102,0.357495928334941,0.600591866860783,-0.710969401585399,-0.317246014630315,0.0079698827686274,-0.019869179024434,161.15,0
51023.0,1.23971374722211,0.205222381564503,0.135555296988652,0.997466839724068,0.112141635557156,0.0749707864031564,-0.0785295593064639,0.0790492097316995,0.219351003849819,0.0354872599302482,-1.07974295530802,-0.531451226424981,-0.851030535374114,0.495650916703817,1.42809229123915,0.2431888216287,-0.46793092460289,-0.228055184555734,-0.461824497865398,-0.209411849123632,-0.112909895833679,-0.319429691184663,-0.0611778681477834,-0.819037519803431,0.505552079418125,-0.363055897411723,0.0316162504172329,0.0129237884818132,4.9,0
143434.0,-2.7294819717688,3.31249456257958,-4.24271044395109,5.03698507739508,-0.376561160600044,-1.53246175254658,-3.44915850302961,1.85683931947767,-3.62333368933656,-5.6536376856402,3.94231582587852,-5.8837243606062,-1.34781373713666,-9.26612018494559,-2.4595563246821,-2.20564448269106,-5.70908680498665,-1.11393664017816,-1.55653021213315,0.164287792503557,0.72741506386268,-0.301431744500987,-0.502433327315861,-0.462308576168739,0.510682747439828,0.0466646930679243,0.514645779891103,0.140998673095746,1.0,1
60549.0,-0.534331054073915,1.33101254993869,1.04616499494181,-0.0830254056248082,0.181493212242164,-0.77887856403734,0.729613291027692,-0.0631965019003834,-0.240445103514178,-0.215988118377487,-0.443063942563802,0.0192438067240008,0.572423342930906,-0.599506826092022,0.891796317405067,0.448337695693001,-0.153582589186872,-0.0859302360268859,0.0111865680745225,0.276396382493783,-0.313602820452984,-0.744840391996898,-0.0548099915301477,-0.0191307076534986,-0.0483436456121277,0.0974552073245658,0.354437524295586,0.155526996289057,4.49,0
60147.0,0.192911046139571,-1.66019364851153,-0.743538773112131,0.485501251703601,-0.858654990383701,-1.03510786784421,1.01939151899798,-0.362964061683014,-0.364744364526093,-0.147487162813619,1.51397534855303,0.512285139896946,-0.807268094227815,0.97278874594094,0.200658792912109,0.154543076877061,-0.272315847265041,-0.0517680465943063,0.159728394653561,1.00526894806717,0.343967061378982,-0.321153871560006,-0.552297392998984,0.624406845696967,0.262170569136352,0.984107946453207,-0.227167304436663,0.0776508585973142,561.95,0
162341.0,-0.337206952253141,1.02741320318584,0.0378766796739568,-0.85528648812858,0.62850973047771,-0.551850099761508,0.858543816609008,-0.0451260883818548,-0.0385598554070183,0.16874388675372,0.577918271617381,0.806893912759849,0.0913491564792202,0.167393963335706,-1.02099254215722,0.101349453825043,-0.743862769635162,-0.273342894930687,0.230532055841827,0.0915692473747898,-0.236926383264334,-0.511110305750725,0.0292928964140967,-0.403158248684597,-0.449320980568214,0.137632947345567,0.217625251026113,0.145001497753452,2.58,0
95708.0,-11.5812735585253,7.17938467908911,-4.78271028382805,-1.59271563725465,-2.31854982434436,-0.689558494543168,-1.02543614156951,2.09865574395877,7.88364119806296,9.10140231365335,-0.291861183030441,-0.78265661589145,2.59512316478614,-0.535728171176597,-2.19490674776137,-1.00228168384643,1.19705049761538,-1.31175019869233,-0.502565829104553,2.54702178103224,-1.85190924111764,-1.28971414979953,0.85604988990702,0.475062175109862,1.8978018687189,0.0388617788645006,1.05958664011099,1.58682293095786,0.01,0
154901.0,2.26731989171784,-1.45449377681068,-0.976417568116986,-1.5632452868734,-1.2228808034898,-0.510036383345631,-1.17587888869619,-0.114621819690126,-1.05955093007339,1.56660139919438,-1.1497096793284,-1.19867812049595,-0.302407437066176,-0.306359964166952,-0.0050017459401803,-0.540461704945913,0.556644901504054,-0.0747638431986682,-0.180465794800142,-0.43637334903798,-0.197577162835375,-0.142477426361628,0.293997671245913,0.629043894036203,-0.2585104503228,-0.228108943944141,0.0061160461969938,-0.0412670352862258,30.0,0
12597.0,-2.58961719821269,7.01671438495857,-13.7054072869097,10.3432280604117,-2.95446103475574,-3.05511578527804,-9.3012886151434,3.34957336071614,-5.65421202641103,-11.853866972601,11.6692047358121,-17.2286622386187,0.0555715664836118,-18.4937733551053,-0.304172113519045,-10.6294973901353,-14.4412111342765,-5.10548646597228,1.2702262705049,1.48885519236896,1.88773772551451,0.333998184533223,0.28765904061745,-1.18640640906644,-0.690272670076388,0.631703772210546,1.93422076005943,0.789687172212655,1.0,1
61676.0,0.46969601041812,-0.976606515094946,-0.171584655592712,1.42851599927715,-0.522599005182927,-0.129815814850495,0.495119124296754,0.0260575135463875,0.032066267832861,-0.0531030002317168,1.21882074487274,0.374960476890234,-1.7462692755815,0.875075321320562,-0.223080754814702,-0.456499431052967,0.102961741460021,-0.191618087787932,-0.322280199794356,0.417063885442805,0.251935125942419,0.0248279216133547,-0.396198128067736,0.217224548373358,0.535773910493158,-0.308811991872166,-0.052164537943002,0.0594131681084743,351.63,0
53937.0,-2.04260819938332,1.57357807373238,-2.37265243271278,-0.572676430720841,-2.09735276458226,-0.174142123011242,-3.03951978687359,-1.63423295064356,-0.594808638750073,-5.45960189444545,2.37853722491518,-2.33027064686235,-0.24623272486659,-4.05852343611281,-0.316983146603949,-2.52266081131673,-5.60340034818128,-0.778439963776289,0.860211793588662,0.825565985313424,-0.723326195587733,0.501221637302624,-0.696892260580304,-0.600513726439022,0.127547028812739,-0.786072220292301,0.606097322391548,0.171696507911815,261.87,1
52176.0,1.20138999149218,-0.0048183249710915,-0.335282377538589,0.894610685668396,0.674578844411334,1.12668189499737,-0.0869021894824819,0.273841801354437,0.244974357549015,0.0556042796233514,-0.493873833670897,0.304984471326312,-0.555343034777523,0.292143419706576,-0.594387727711171,0.0106040699586337,-0.578043461982587,0.164894168446036,0.570831725675175,-0.120541671886282,-0.158113436693868,-0.326611267806401,-0.299385462725244,-1.706395033915,0.834024718943436,-0.223207522736336,0.0254868592441979,-0.0092937199400145,30.0,0
150138.0,-2.15085504470997,2.18791662800118,-3.43051589218087,0.119476214172018,-0.173210022248717,0.290699943542092,-2.80898761953492,-2.67935050574045,-0.556684932588288,-4.48548270396242,1.90399926160786,-2.64421945060054,-0.982272877372442,-4.69115085524464,-0.6930797524851,-2.55325078310516,-3.48343626722796,-0.0648523857005649,1.49032876283779,0.53214542192165,-0.0732053058243562,0.561496277430611,-0.0750342624995709,-0.437619179374193,0.353840756362622,-0.521338535540234,0.144464860203719,0.02658811547881,50.0,1
150745.0,1.98947249184306,-1.22068857289616,-0.895152435240653,-0.626314004125342,-0.70735776551133,0.370252864003637,-0.993873661060216,0.142980375468941,-0.136441154849962,0.982557679713825,-0.0815807782578976,0.185994648403553,-0.0392994755775214,0.012001781168647,-0.228376161153467,-0.759521363227301,-0.703287465056369,2.01750818410541,-0.453000964894931,-0.414462204696623,-0.214878837204677,-0.236051026220217,0.158622152750362,0.0899647746043985,-0.380016843728194,0.611001451480413,-0.0423770105535685,-0.0443598611869907,84.0,0
153761.0,1.14625926661879,1.40345824321907,-4.15914819129688,2.66010705652321,-0.323216826628972,-1.83607089433649,-1.62374005926978,0.259562498148672,-1.13204414952948,-3.35647371355361,3.64647783754223,-3.00268415590657,-0.647500580265193,-5.94500331282299,0.17465003740523,-1.47563951431173,-3.08227352537105,0.224739755103275,-0.300930778531616,0.284830655578029,0.564449516452437,0.445743911757892,-0.141136197426929,-0.265517116377678,0.362259920457956,-0.416062097561802,0.507369852566067,0.243744113775662,51.37,1
7610.0,0.725645739819857,2.30089443776603,-5.32997618300917,4.007682804682,-1.73041059025206,-1.73219256822244,-3.96859261813707,1.06372815344105,-0.486096552344833,-4.62498495406596,5.5887239146762,-7.14824263637845,1.68045074096412,-6.21025774661028,0.495282117814298,-3.5995402092184,-4.83032424210571,-0.649090120211694,2.2501232487881,0.504646226103286,0.589669127323198,0.109541319229913,0.601045276521079,-0.364700278220039,-1.84307769215194,0.351909298434892,0.594549978086464,0.0993722360416487,1.0,1
26585.0,-19.8563223334433,12.0958932259299,-22.4640827464876,6.11554110191771,-15.1480215209615,-4.34672408349599,-15.6485074722661,13.2768048056341,-3.97416161954102,-8.85919405880884,5.73081553744459,-8.08803351213651,0.230824969324902,-8.57897327333454,0.000946636693186,-6.94774606726094,-13.4728970076501,-4.94021082886802,1.23014255193802,1.58292955492187,1.75072984045421,-1.40963570908141,-0.809809278333882,0.121396659905885,1.35030007077468,-0.224291873525585,1.59762136835254,0.476919818025438,99.99,1
63750.0,-0.835222301249313,1.05035517991459,1.10571819160439,-1.18019741588039,-0.543852281433754,-1.13766309707001,0.200802409549268,0.315530173527631,-0.0780622812670228,-0.788457496225903,-0.504343881894505,0.44353547492249,0.611699743224307,0.0888721413375357,0.425508548520575,0.734431081562755,-0.562811995025813,-0.409406571485421,-0.765076875522506,-0.0858026987241543,-0.0422231162886862,-0.224268521096229,0.0437341440099574,0.439544216586371,-0.219940084580359,0.71113544072345,-0.0790090268651142,0.0013359954371969,3.76,0
71780.0,1.37924431061177,-0.892398723169813,-0.386623291346515,-1.15242009463644,0.953090124249221,3.89315043151527,-1.63452903649952,1.02386828766603,-0.353432377976352,0.682118318356352,-0.628070055637182,-0.144893280313596,0.378071223214908,-0.330775821818228,0.683474998599593,-0.847061308614342,-0.564937279238443,1.79532900590554,-0.614360484797128,-0.382934356322857,-0.326733293980095,-0.443978917183194,-0.0002193044943524,1.02210072686082,0.380879743884685,0.590422773508271,0.0349977046499069,0.0204310673321696,1.0,0
137832.0,1.71434988317387,-0.806304161542783,-1.27680970728554,0.195393909551816,-0.240002284159003,-0.427987273317216,0.0918132083498625,-0.106134344525572,0.884666815256596,-0.110586045068072,0.455556524745668,1.02236830066145,-0.41517238815075,0.376343839248842,-0.860283361833742,-0.245530716838385,-0.390573875932259,-0.0735721928074839,0.647987078816449,0.0663235697737656,-0.0398269005224358,-0.246061187385101,0.0367671665260499,-0.381557064711843,-0.13336664042371,-0.098161318824605,-0.0567273009183339,-0.043604749794396,159.59,0
147134.0,0.0950015193705983,0.999475786477637,-0.324880883833302,-0.628230121827106,0.916023171596459,-0.587351790405953,0.881279450868635,0.0213154372886151,-0.333232243354574,-0.668458458963198,1.14379311066972,0.673982105311908,0.0118140483417799,-0.835302362804275,-0.961673199565702,0.484632572668528,0.156391212345444,0.222885125878855,0.0109678952377757,0.0320289514361452,-0.280363055954825,-0.689057016875431,0.0967742250900866,0.663881045965726,-0.464823142857089,0.0862848374215845,0.219598002348344,0.07572974779575,2.69,0
101964.0,-1.07730180098601,1.03988044344268,1.7179070911097,1.28241408289597,-1.17686825207871,1.27776600847367,2.41668015133759,-0.587622580860981,1.28619450016318,-0.743767492129238,0.0833440659597867,-1.71929896430037,2.89380407826544,0.482651970255454,-1.55334476492418,-1.00568268718337,0.888817810030952,-0.617164759478745,1.0336545121884,0.0196126466814944,-0.823129552960529,-1.26721556161179,-0.0449348136451169,-0.0802852986622637,0.405122392898881,-0.861616226795006,0.161309146651304,-0.223198644830205,366.77,0
155542.0,1.86822575153021,1.36307703789779,-1.99493428288271,4.17351574396431,1.23975095036686,-0.746186461637677,0.572730531134135,-0.131234840026775,-1.55183852136659,0.228849430580481,1.70189470812283,0.144622386270367,0.104087683833243,-2.95416672265135,-1.37412192590939,1.88941745516528,1.71451073880902,1.10465991097437,-1.59744021309102,-0.172216497505385,-0.301001481390408,-0.818972281356086,0.206812306872685,-0.263683031819147,-0.114958101067535,-0.240672123611963,-0.0066294488588389,0.0172577348698229,3.14,1
146781.0,-1.47241524304496,1.31808097325688,0.167805570439939,-0.707853104065719,-0.135718453571606,-0.168902612628382,-0.151021907940869,0.655649294005025,0.566407285990913,-0.236416590590578,0.859863979094823,0.0833654297884399,-1.04773471628551,-1.02368729104378,-0.239758889263297,1.10886567040695,0.203532968116979,0.87188468955936,-0.172518347896682,-0.0198871552404454,-0.260525160213482,-0.672151786577314,0.0890892703024435,0.615222732205588,-0.464296636582214,0.036554873426196,-0.596774325719222,-0.416329855171708,10.34,0
119719.0,1.98791729484496,-0.215371352917759,-2.04315653015406,0.142346131357513,0.922722229671065,0.0701226674091679,0.36053549233195,-0.158050712782798,0.0706458075211584,0.248993543659246,0.020589032928147,0.984496792677102,0.716575181128974,0.420819625722602,-0.772243251150183,0.180126982768781,-0.925901538295613,0.0294825862868599,0.765200955427645,0.0122717808664037,-0.103934525772935,-0.327360438251924,0.0057862011641619,-0.307730836786501,0.139685944010014,0.227134227217503,-0.0928811178660511,-0.067981339214682,70.42,0
76876.0,-1.29835900258265,1.07967115744319,-0.180677930886891,1.28783908383189,1.85827347944352,-2.22369500209375,0.525166986044906,-0.0968743110676978,-0.168893374133313,-2.544410418956,0.706999574201444,-0.835695915134352,-1.02211731659325,-4.99399178918475,-0.455706843211384,1.31536513941655,3.63919954823548,1.62342609471098,-1.53933883157799,-0.18757199362802,-0.332983053581271,-0.851270427572191,-0.370799798865314,0.29824168728035,0.442929877216587,-0.522832450531743,0.0001048565072203,0.135698346061769,1.0,1
49705.0,0.956272938464656,-0.780597577080009,-0.519888587846742,-0.233356793062171,-0.30142204589245,-0.348176849219349,0.221765446824767,-0.088267441204846,0.234073650051154,-0.126066729720131,0.321733714132618,0.149363226551896,-1.03562019885938,0.537856203882174,-0.366294771675277,0.239104287015693,-0.382843342727654,0.0879874684853028,0.964963039427907,0.288294130227405,-0.0003211369355174,-0.381542081333637,-0.341282936842898,-0.402831609612541,0.437509796655716,1.48785878017652,-0.171343214353413,-0.0001240236278757,198.0,0
20373.0,1.20629993175629,-0.230346675695229,1.18629788570121,-0.440323357894607,-1.26640020463862,-0.950477363722586,-0.614414344122035,-0.162249370913679,3.01678063510671,-1.46873261954432,0.875259878330869,-1.42606061085345,1.97911691435832,1.22122849938873,0.464431653402954,-0.585857703177981,0.681434620912673,0.303491535202509,0.223468382961967,-0.129583233716176,-0.129824099546106,0.118053942207992,0.0016162380195482,0.687104534880673,0.444310636953923,-0.748011216912385,0.0681399560616075,0.0350131367119125,11.85,0
120786.0,1.9736215206349,-0.588805841337802,-0.623437287662704,0.14233415008569,-0.286136555395424,0.498523665964619,-0.830251219520924,0.238441347394803,1.08496923141068,0.173970645474375,0.0741514209665695,0.624054443708653,-0.132652078417232,-0.0494788346451489,-0.225909498258296,0.742475018940124,-0.968321629434453,0.774462761632453,0.271246888026843,-0.124150750912532,0.169814232980921,0.596623003942254,0.101606742972134,0.139866617112206,-0.223770049351182,0.553981198437671,-0.0333489028308397,-0.0546344461641706,23.0,0
64679.0,-0.837895278253482,1.39806493177594,1.62447059476429,1.98233397235501,-0.111689156220392,0.205507700110025,0.0930725810851225,0.571788199059679,-0.793801550096458,-0.0379593621913622,-1.70029628603509,-0.37761398481616,-0.494274268197232,0.0830299672766742,-0.713756080040671,0.54909320376779,-0.247260033957162,-0.268588008804006,-0.224502088214394,-0.255227565968846,-0.261700685558717,-0.900892178666326,0.0004605171315651,-0.183285500710319,-0.153529659429124,-0.293673619676046,-0.195978982666693,0.0002412586859417,0.0,0
406.0,-2.3122265423263,1.95199201064158,-1.60985073229769,3.9979055875468,-0.522187864667764,-1.42654531920595,-2.53738730624579,1.39165724829804,-2.77008927719433,-2.77227214465915,3.20203320709635,-2.89990738849473,-0.595221881324605,-4.28925378244217,0.389724120274487,-1.14074717980657,-2.83005567450437,-0.0168224681808257,0.416955705037907,0.126910559061474,0.517232370861764,-0.0350493686052974,-0.465211076182388,0.320198198514526,0.0445191674731724,0.177839798284401,0.261145002567677,-0.143275874698919,0.0,1
18675.0,-12.3396031574122,4.48826730168204,-16.5870729373632,10.1072738734101,-10.4201989827431,0.130669811857349,-15.6003233044816,-1.15769598093331,-5.3046309683427,-12.9389293107706,8.80568196718575,-13.5561301301468,1.16546376028499,-9.80988150207055,0.369987279150665,-9.50521044515487,-17.5420303090874,-6.79263778723153,2.06937744931751,-0.0855014634055812,-2.0896096332232,1.74531450014405,1.37681580939778,-0.554271418366818,-1.61074085196174,0.153725444536768,1.2124772080589,-1.86929047595671,188.78,1
122938.0,-3.43492340775491,-5.1576266728117,1.73841420502728,-1.35726558231106,2.88224041955882,-1.15004751146055,-2.33996738186309,0.407711900868787,-1.87716281595757,0.934328336874205,-0.388161528828055,-0.780790669267756,0.584537491976528,-0.573983075134569,0.949060001679072,-1.75428666471474,1.45524414153005,-1.05763429513045,-0.853040154211817,1.21885615979987,0.334619435751041,0.177084142637581,0.923384177136312,-1.07875053795706,0.45859463177854,0.0942051895597857,-0.252958819645497,-0.0810965952663128,212.0,0
